{
  "harmonyhub_device_HarmonyHub_47536741_buttonPress -\u003e harmonyhub:device:HarmonyHub:47536741:buttonPress": {
    "class": "org.eclipse.smarthome.core.thing.link.ItemChannelLink",
    "value": {
      "channelUID": {
        "segments": [
          "harmonyhub",
          "device",
          "HarmonyHub",
          "47536741",
          "buttonPress"
        ]
      },
      "configuration": {
        "properties": {}
      },
      "itemName": "harmonyhub_device_HarmonyHub_47536741_buttonPress"
    }
  },
  "hue_0220_00178871affd_15_color_temperature -\u003e hue:0220:00178871affd:15:color_temperature": {
    "class": "org.eclipse.smarthome.core.thing.link.ItemChannelLink",
    "value": {
      "channelUID": {
        "segments": [
          "hue",
          "0220",
          "00178871affd",
          "15",
          "color_temperature"
        ]
      },
      "configuration": {
        "properties": {}
      },
      "itemName": "hue_0220_00178871affd_15_color_temperature"
    }
  },
  "hue_0220_00178871affd_17_brightness -\u003e hue:0220:00178871affd:17:brightness": {
    "class": "org.eclipse.smarthome.core.thing.link.ItemChannelLink",
    "value": {
      "channelUID": {
        "segments": [
          "hue",
          "0220",
          "00178871affd",
          "17",
          "brightness"
        ]
      },
      "configuration": {
        "properties": {}
      },
      "itemName": "hue_0220_00178871affd_17_brightness"
    }
  },
  "hue_0220_00178871affd_5_brightness -\u003e hue:0220:00178871affd:5:brightness": {
    "class": "org.eclipse.smarthome.core.thing.link.ItemChannelLink",
    "value": {
      "channelUID": {
        "segments": [
          "hue",
          "0220",
          "00178871affd",
          "5",
          "brightness"
        ]
      },
      "configuration": {
        "properties": {}
      },
      "itemName": "hue_0220_00178871affd_5_brightness"
    }
  },
  "hue_0106_00178871affd_4_last_updated -\u003e hue:0106:00178871affd:4:last_updated": {
    "class": "org.eclipse.smarthome.core.thing.link.ItemChannelLink",
    "value": {
      "channelUID": {
        "segments": [
          "hue",
          "0106",
          "00178871affd",
          "4",
          "last_updated"
        ]
      },
      "configuration": {
        "properties": {}
      },
      "itemName": "hue_0106_00178871affd_4_last_updated"
    }
  },
  "LivingRoom_Zone1_Volume -\u003e pioneeravr:ipAvrUnsupported:5F9EC1B3-ED59-79BB-4530-745e1c364c90:zone1#volumeDimmer": {
    "class": "org.eclipse.smarthome.core.thing.link.ItemChannelLink",
    "value": {
      "channelUID": {
        "segments": [
          "pioneeravr",
          "ipAvrUnsupported",
          "5F9EC1B3-ED59-79BB-4530-745e1c364c90",
          "zone1#volumeDimmer"
        ]
      },
      "itemName": "LivingRoom_Zone1_Volume"
    }
  },
  "hue_0220_00178871affd_12_color_temperature -\u003e hue:0220:00178871affd:12:color_temperature": {
    "class": "org.eclipse.smarthome.core.thing.link.ItemChannelLink",
    "value": {
      "channelUID": {
        "segments": [
          "hue",
          "0220",
          "00178871affd",
          "12",
          "color_temperature"
        ]
      },
      "configuration": {
        "properties": {}
      },
      "itemName": "hue_0220_00178871affd_12_color_temperature"
    }
  },
  "hue_0210_00178871affd_1_color -\u003e hue:0210:00178871affd:1:color": {
    "class": "org.eclipse.smarthome.core.thing.link.ItemChannelLink",
    "value": {
      "channelUID": {
        "segments": [
          "hue",
          "0210",
          "00178871affd",
          "1",
          "color"
        ]
      },
      "itemName": "hue_0210_00178871affd_1_color"
    }
  },
  "hue_0107_00178871affd_3_last_updated -\u003e hue:0107:00178871affd:3:last_updated": {
    "class": "org.eclipse.smarthome.core.thing.link.ItemChannelLink",
    "value": {
      "channelUID": {
        "segments": [
          "hue",
          "0107",
          "00178871affd",
          "3",
          "last_updated"
        ]
      },
      "configuration": {
        "properties": {}
      },
      "itemName": "hue_0107_00178871affd_3_last_updated"
    }
  },
  "hue_0106_00178871affd_4_battery_level -\u003e hue:0106:00178871affd:4:battery_level": {
    "class": "org.eclipse.smarthome.core.thing.link.ItemChannelLink",
    "value": {
      "channelUID": {
        "segments": [
          "hue",
          "0106",
          "00178871affd",
          "4",
          "battery_level"
        ]
      },
      "configuration": {
        "properties": {}
      },
      "itemName": "hue_0106_00178871affd_4_battery_level"
    }
  },
  "hue_0107_00178871affd_3_battery_level -\u003e hue:0107:00178871affd:3:battery_level": {
    "class": "org.eclipse.smarthome.core.thing.link.ItemChannelLink",
    "value": {
      "channelUID": {
        "segments": [
          "hue",
          "0107",
          "00178871affd",
          "3",
          "battery_level"
        ]
      },
      "configuration": {
        "properties": {}
      },
      "itemName": "hue_0107_00178871affd_3_battery_level"
    }
  },
  "hue_0220_00178871affd_8_color_temperature -\u003e hue:0220:00178871affd:8:color_temperature": {
    "class": "org.eclipse.smarthome.core.thing.link.ItemChannelLink",
    "value": {
      "channelUID": {
        "segments": [
          "hue",
          "0220",
          "00178871affd",
          "8",
          "color_temperature"
        ]
      },
      "configuration": {
        "properties": {}
      },
      "itemName": "hue_0220_00178871affd_8_color_temperature"
    }
  },
  "harmonyhub_hub_HarmonyHub_activityStarting -\u003e harmonyhub:hub:HarmonyHub:activityStarting": {
    "class": "org.eclipse.smarthome.core.thing.link.ItemChannelLink",
    "value": {
      "channelUID": {
        "segments": [
          "harmonyhub",
          "hub",
          "HarmonyHub",
          "activityStarting"
        ]
      },
      "configuration": {
        "properties": {}
      },
      "itemName": "harmonyhub_hub_HarmonyHub_activityStarting"
    }
  },
  "hue_0107_00178871affd_3_presence -\u003e hue:0107:00178871affd:3:presence": {
    "class": "org.eclipse.smarthome.core.thing.link.ItemChannelLink",
    "value": {
      "channelUID": {
        "segments": [
          "hue",
          "0107",
          "00178871affd",
          "3",
          "presence"
        ]
      },
      "configuration": {
        "properties": {}
      },
      "itemName": "hue_0107_00178871affd_3_presence"
    }
  },
  "hue_0210_00178871affd_2_color -\u003e hue:0210:00178871affd:2:color": {
    "class": "org.eclipse.smarthome.core.thing.link.ItemChannelLink",
    "value": {
      "channelUID": {
        "segments": [
          "hue",
          "0210",
          "00178871affd",
          "2",
          "color"
        ]
      },
      "itemName": "hue_0210_00178871affd_2_color"
    }
  },
  "hue_0106_00178871affd_4_illuminance -\u003e hue:0106:00178871affd:4:illuminance": {
    "class": "org.eclipse.smarthome.core.thing.link.ItemChannelLink",
    "value": {
      "channelUID": {
        "segments": [
          "hue",
          "0106",
          "00178871affd",
          "4",
          "illuminance"
        ]
      },
      "configuration": {
        "properties": {}
      },
      "itemName": "hue_0106_00178871affd_4_illuminance"
    }
  },
  "hue_0210_00178871affd_1_color_temperature -\u003e hue:0210:00178871affd:1:color_temperature": {
    "class": "org.eclipse.smarthome.core.thing.link.ItemChannelLink",
    "value": {
      "channelUID": {
        "segments": [
          "hue",
          "0210",
          "00178871affd",
          "1",
          "color_temperature"
        ]
      },
      "itemName": "hue_0210_00178871affd_1_color_temperature"
    }
  },
  "hue_0220_00178871affd_15_brightness -\u003e hue:0220:00178871affd:15:brightness": {
    "class": "org.eclipse.smarthome.core.thing.link.ItemChannelLink",
    "value": {
      "channelUID": {
        "segments": [
          "hue",
          "0220",
          "00178871affd",
          "15",
          "brightness"
        ]
      },
      "configuration": {
        "properties": {}
      },
      "itemName": "hue_0220_00178871affd_15_brightness"
    }
  },
  "exec_command_9a6737ea_output -\u003e exec:command:9a6737ea:output": {
    "class": "org.eclipse.smarthome.core.thing.link.ItemChannelLink",
    "value": {
      "channelUID": {
        "segments": [
          "exec",
          "command",
          "9a6737ea",
          "output"
        ]
      },
      "itemName": "exec_command_9a6737ea_output"
    }
  },
  "hue_0210_00178871affd_4_color_temperature -\u003e hue:0210:00178871affd:4:color_temperature": {
    "class": "org.eclipse.smarthome.core.thing.link.ItemChannelLink",
    "value": {
      "channelUID": {
        "segments": [
          "hue",
          "0210",
          "00178871affd",
          "4",
          "color_temperature"
        ]
      },
      "itemName": "hue_0210_00178871affd_4_color_temperature"
    }
  },
  "hue_0106_00178871affd_4_dark -\u003e hue:0106:00178871affd:4:dark": {
    "class": "org.eclipse.smarthome.core.thing.link.ItemChannelLink",
    "value": {
      "channelUID": {
        "segments": [
          "hue",
          "0106",
          "00178871affd",
          "4",
          "dark"
        ]
      },
      "configuration": {
        "properties": {}
      },
      "itemName": "hue_0106_00178871affd_4_dark"
    }
  },
  "harmonyhub_hub_34902a01_currentActivity -\u003e harmonyhub:hub:34902a01:currentActivity": {
    "class": "org.eclipse.smarthome.core.thing.link.ItemChannelLink",
    "value": {
      "channelUID": {
        "segments": [
          "harmonyhub",
          "hub",
          "34902a01",
          "currentActivity"
        ]
      },
      "configuration": {
        "properties": {}
      },
      "itemName": "harmonyhub_hub_34902a01_currentActivity"
    }
  },
  "harmonyhub_device_HarmonyHub_47539833_buttonPress -\u003e harmonyhub:device:HarmonyHub:47539833:buttonPress": {
    "class": "org.eclipse.smarthome.core.thing.link.ItemChannelLink",
    "value": {
      "channelUID": {
        "segments": [
          "harmonyhub",
          "device",
          "HarmonyHub",
          "47539833",
          "buttonPress"
        ]
      },
      "configuration": {
        "properties": {}
      },
      "itemName": "harmonyhub_device_HarmonyHub_47539833_buttonPress"
    }
  },
  "hue_0302_00178871affd_2_battery_low -\u003e hue:0302:00178871affd:2:battery_low": {
    "class": "org.eclipse.smarthome.core.thing.link.ItemChannelLink",
    "value": {
      "channelUID": {
        "segments": [
          "hue",
          "0302",
          "00178871affd",
          "2",
          "battery_low"
        ]
      },
      "configuration": {
        "properties": {}
      },
      "itemName": "hue_0302_00178871affd_2_battery_low"
    }
  },
  "exec_command_9a6737ea_lastexecution -\u003e exec:command:9a6737ea:lastexecution": {
    "class": "org.eclipse.smarthome.core.thing.link.ItemChannelLink",
    "value": {
      "channelUID": {
        "segments": [
          "exec",
          "command",
          "9a6737ea",
          "lastexecution"
        ]
      },
      "itemName": "exec_command_9a6737ea_lastexecution"
    }
  },
  "hue_0220_00178871affd_13_color_temperature -\u003e hue:0220:00178871affd:13:color_temperature": {
    "class": "org.eclipse.smarthome.core.thing.link.ItemChannelLink",
    "value": {
      "channelUID": {
        "segments": [
          "hue",
          "0220",
          "00178871affd",
          "13",
          "color_temperature"
        ]
      },
      "configuration": {
        "properties": {}
      },
      "itemName": "hue_0220_00178871affd_13_color_temperature"
    }
  },
  "hue_0210_00178871affd_3_color -\u003e hue:0210:00178871affd:3:color": {
    "class": "org.eclipse.smarthome.core.thing.link.ItemChannelLink",
    "value": {
      "channelUID": {
        "segments": [
          "hue",
          "0210",
          "00178871affd",
          "3",
          "color"
        ]
      },
      "itemName": "hue_0210_00178871affd_3_color"
    }
  },
  "harmonyhub_device_HarmonyHub_47586716_buttonPress -\u003e harmonyhub:device:HarmonyHub:47586716:buttonPress": {
    "class": "org.eclipse.smarthome.core.thing.link.ItemChannelLink",
    "value": {
      "channelUID": {
        "segments": [
          "harmonyhub",
          "device",
          "HarmonyHub",
          "47586716",
          "buttonPress"
        ]
      },
      "configuration": {
        "properties": {}
      },
      "itemName": "harmonyhub_device_HarmonyHub_47586716_buttonPress"
    }
  },
  "hue_0210_00178871affd_3_color_temperature -\u003e hue:0210:00178871affd:3:color_temperature": {
    "class": "org.eclipse.smarthome.core.thing.link.ItemChannelLink",
    "value": {
      "channelUID": {
        "segments": [
          "hue",
          "0210",
          "00178871affd",
          "3",
          "color_temperature"
        ]
      },
      "itemName": "hue_0210_00178871affd_3_color_temperature"
    }
  },
  "hue_0302_00178871affd_2_last_updated -\u003e hue:0302:00178871affd:2:last_updated": {
    "class": "org.eclipse.smarthome.core.thing.link.ItemChannelLink",
    "value": {
      "channelUID": {
        "segments": [
          "hue",
          "0302",
          "00178871affd",
          "2",
          "last_updated"
        ]
      },
      "configuration": {
        "properties": {}
      },
      "itemName": "hue_0302_00178871affd_2_last_updated"
    }
  },
  "hue_0220_00178871affd_5_color_temperature -\u003e hue:0220:00178871affd:5:color_temperature": {
    "class": "org.eclipse.smarthome.core.thing.link.ItemChannelLink",
    "value": {
      "channelUID": {
        "segments": [
          "hue",
          "0220",
          "00178871affd",
          "5",
          "color_temperature"
        ]
      },
      "configuration": {
        "properties": {}
      },
      "itemName": "hue_0220_00178871affd_5_color_temperature"
    }
  },
  "hue_0210_00178871affd_4_color -\u003e hue:0210:00178871affd:4:color": {
    "class": "org.eclipse.smarthome.core.thing.link.ItemChannelLink",
    "value": {
      "channelUID": {
        "segments": [
          "hue",
          "0210",
          "00178871affd",
          "4",
          "color"
        ]
      },
      "itemName": "hue_0210_00178871affd_4_color"
    }
  },
  "hue_0220_00178871affd_6_brightness -\u003e hue:0220:00178871affd:6:brightness": {
    "class": "org.eclipse.smarthome.core.thing.link.ItemChannelLink",
    "value": {
      "channelUID": {
        "segments": [
          "hue",
          "0220",
          "00178871affd",
          "6",
          "brightness"
        ]
      },
      "configuration": {
        "properties": {}
      },
      "itemName": "hue_0220_00178871affd_6_brightness"
    }
  },
  "harmonyhub_hub_34902a01_activityStarting -\u003e harmonyhub:hub:34902a01:activityStarting": {
    "class": "org.eclipse.smarthome.core.thing.link.ItemChannelLink",
    "value": {
      "channelUID": {
        "segments": [
          "harmonyhub",
          "hub",
          "34902a01",
          "activityStarting"
        ]
      },
      "configuration": {
        "properties": {}
      },
      "itemName": "harmonyhub_hub_34902a01_activityStarting"
    }
  },
  "hue_0220_00178871affd_13_brightness -\u003e hue:0220:00178871affd:13:brightness": {
    "class": "org.eclipse.smarthome.core.thing.link.ItemChannelLink",
    "value": {
      "channelUID": {
        "segments": [
          "hue",
          "0220",
          "00178871affd",
          "13",
          "brightness"
        ]
      },
      "configuration": {
        "properties": {}
      },
      "itemName": "hue_0220_00178871affd_13_brightness"
    }
  },
  "harmonyhub_device_HarmonyHub_47536739_buttonPress -\u003e harmonyhub:device:HarmonyHub:47536739:buttonPress": {
    "class": "org.eclipse.smarthome.core.thing.link.ItemChannelLink",
    "value": {
      "channelUID": {
        "segments": [
          "harmonyhub",
          "device",
          "HarmonyHub",
          "47536739",
          "buttonPress"
        ]
      },
      "itemName": "harmonyhub_device_HarmonyHub_47536739_buttonPress"
    }
  },
  "harmonyhub_device_HarmonyHub_47536800_buttonPress -\u003e harmonyhub:device:HarmonyHub:47536800:buttonPress": {
    "class": "org.eclipse.smarthome.core.thing.link.ItemChannelLink",
    "value": {
      "channelUID": {
        "segments": [
          "harmonyhub",
          "device",
          "HarmonyHub",
          "47536800",
          "buttonPress"
        ]
      },
      "itemName": "harmonyhub_device_HarmonyHub_47536800_buttonPress"
    }
  },
  "hue_0106_00178871affd_4_battery_low -\u003e hue:0106:00178871affd:4:battery_low": {
    "class": "org.eclipse.smarthome.core.thing.link.ItemChannelLink",
    "value": {
      "channelUID": {
        "segments": [
          "hue",
          "0106",
          "00178871affd",
          "4",
          "battery_low"
        ]
      },
      "configuration": {
        "properties": {}
      },
      "itemName": "hue_0106_00178871affd_4_battery_low"
    }
  },
  "exec_command_9a6737ea_exit -\u003e exec:command:9a6737ea:exit": {
    "class": "org.eclipse.smarthome.core.thing.link.ItemChannelLink",
    "value": {
      "channelUID": {
        "segments": [
          "exec",
          "command",
          "9a6737ea",
          "exit"
        ]
      },
      "itemName": "exec_command_9a6737ea_exit"
    }
  },
  "hue_0220_00178871affd_9_brightness -\u003e hue:0220:00178871affd:9:brightness": {
    "class": "org.eclipse.smarthome.core.thing.link.ItemChannelLink",
    "value": {
      "channelUID": {
        "segments": [
          "hue",
          "0220",
          "00178871affd",
          "9",
          "brightness"
        ]
      },
      "configuration": {
        "properties": {}
      },
      "itemName": "hue_0220_00178871affd_9_brightness"
    }
  },
  "hue_0220_00178871affd_12_brightness -\u003e hue:0220:00178871affd:12:brightness": {
    "class": "org.eclipse.smarthome.core.thing.link.ItemChannelLink",
    "value": {
      "channelUID": {
        "segments": [
          "hue",
          "0220",
          "00178871affd",
          "12",
          "brightness"
        ]
      },
      "configuration": {
        "properties": {}
      },
      "itemName": "hue_0220_00178871affd_12_brightness"
    }
  },
  "hue_0220_00178871affd_14_color_temperature -\u003e hue:0220:00178871affd:14:color_temperature": {
    "class": "org.eclipse.smarthome.core.thing.link.ItemChannelLink",
    "value": {
      "channelUID": {
        "segments": [
          "hue",
          "0220",
          "00178871affd",
          "14",
          "color_temperature"
        ]
      },
      "configuration": {
        "properties": {}
      },
      "itemName": "hue_0220_00178871affd_14_color_temperature"
    }
  },
  "harmonyhub_hub_HarmonyHub_activityStarted -\u003e harmonyhub:hub:HarmonyHub:activityStarted": {
    "class": "org.eclipse.smarthome.core.thing.link.ItemChannelLink",
    "value": {
      "channelUID": {
        "segments": [
          "harmonyhub",
          "hub",
          "HarmonyHub",
          "activityStarted"
        ]
      },
      "configuration": {
        "properties": {}
      },
      "itemName": "harmonyhub_hub_HarmonyHub_activityStarted"
    }
  },
  "LivingRoom_Zone1_Power -\u003e pioneeravr:ipAvrUnsupported:5F9EC1B3-ED59-79BB-4530-745e1c364c90:zone1#power": {
    "class": "org.eclipse.smarthome.core.thing.link.ItemChannelLink",
    "value": {
      "channelUID": {
        "segments": [
          "pioneeravr",
          "ipAvrUnsupported",
          "5F9EC1B3-ED59-79BB-4530-745e1c364c90",
          "zone1#power"
        ]
      },
      "itemName": "LivingRoom_Zone1_Power"
    }
  },
  "exec_command_9a6737ea_run -\u003e exec:command:9a6737ea:run": {
    "class": "org.eclipse.smarthome.core.thing.link.ItemChannelLink",
    "value": {
      "channelUID": {
        "segments": [
          "exec",
          "command",
          "9a6737ea",
          "run"
        ]
      },
      "itemName": "exec_command_9a6737ea_run"
    }
  },
  "hue_0220_00178871affd_17_color_temperature -\u003e hue:0220:00178871affd:17:color_temperature": {
    "class": "org.eclipse.smarthome.core.thing.link.ItemChannelLink",
    "value": {
      "channelUID": {
        "segments": [
          "hue",
          "0220",
          "00178871affd",
          "17",
          "color_temperature"
        ]
      },
      "configuration": {
        "properties": {}
      },
      "itemName": "hue_0220_00178871affd_17_color_temperature"
    }
  },
  "hue_0220_00178871affd_11_color_temperature -\u003e hue:0220:00178871affd:11:color_temperature": {
    "class": "org.eclipse.smarthome.core.thing.link.ItemChannelLink",
    "value": {
      "channelUID": {
        "segments": [
          "hue",
          "0220",
          "00178871affd",
          "11",
          "color_temperature"
        ]
      },
      "configuration": {
        "properties": {}
      },
      "itemName": "hue_0220_00178871affd_11_color_temperature"
    }
  },
  "hue_0220_00178871affd_11_brightness -\u003e hue:0220:00178871affd:11:brightness": {
    "class": "org.eclipse.smarthome.core.thing.link.ItemChannelLink",
    "value": {
      "channelUID": {
        "segments": [
          "hue",
          "0220",
          "00178871affd",
          "11",
          "brightness"
        ]
      },
      "configuration": {
        "properties": {}
      },
      "itemName": "hue_0220_00178871affd_11_brightness"
    }
  },
  "hue_0107_00178871affd_3_battery_low -\u003e hue:0107:00178871affd:3:battery_low": {
    "class": "org.eclipse.smarthome.core.thing.link.ItemChannelLink",
    "value": {
      "channelUID": {
        "segments": [
          "hue",
          "0107",
          "00178871affd",
          "3",
          "battery_low"
        ]
      },
      "configuration": {
        "properties": {}
      },
      "itemName": "hue_0107_00178871affd_3_battery_low"
    }
  },
  "harmonyhub_device_HarmonyHub_47536738_buttonPress -\u003e harmonyhub:device:HarmonyHub:47536738:buttonPress": {
    "class": "org.eclipse.smarthome.core.thing.link.ItemChannelLink",
    "value": {
      "channelUID": {
        "segments": [
          "harmonyhub",
          "device",
          "HarmonyHub",
          "47536738",
          "buttonPress"
        ]
      },
      "itemName": "harmonyhub_device_HarmonyHub_47536738_buttonPress"
    }
  },
  "hue_0302_00178871affd_2_temperature -\u003e hue:0302:00178871affd:2:temperature": {
    "class": "org.eclipse.smarthome.core.thing.link.ItemChannelLink",
    "value": {
      "channelUID": {
        "segments": [
          "hue",
          "0302",
          "00178871affd",
          "2",
          "temperature"
        ]
      },
      "configuration": {
        "properties": {}
      },
      "itemName": "hue_0302_00178871affd_2_temperature"
    }
  },
  "hue_0210_00178871affd_2_color_temperature -\u003e hue:0210:00178871affd:2:color_temperature": {
    "class": "org.eclipse.smarthome.core.thing.link.ItemChannelLink",
    "value": {
      "channelUID": {
        "segments": [
          "hue",
          "0210",
          "00178871affd",
          "2",
          "color_temperature"
        ]
      },
      "itemName": "hue_0210_00178871affd_2_color_temperature"
    }
  },
  "hue_0220_00178871affd_14_brightness -\u003e hue:0220:00178871affd:14:brightness": {
    "class": "org.eclipse.smarthome.core.thing.link.ItemChannelLink",
    "value": {
      "channelUID": {
        "segments": [
          "hue",
          "0220",
          "00178871affd",
          "14",
          "brightness"
        ]
      },
      "configuration": {
        "properties": {}
      },
      "itemName": "hue_0220_00178871affd_14_brightness"
    }
  },
  "hue_0220_00178871affd_8_brightness -\u003e hue:0220:00178871affd:8:brightness": {
    "class": "org.eclipse.smarthome.core.thing.link.ItemChannelLink",
    "value": {
      "channelUID": {
        "segments": [
          "hue",
          "0220",
          "00178871affd",
          "8",
          "brightness"
        ]
      },
      "configuration": {
        "properties": {}
      },
      "itemName": "hue_0220_00178871affd_8_brightness"
    }
  },
  "hue_0106_00178871affd_4_daylight -\u003e hue:0106:00178871affd:4:daylight": {
    "class": "org.eclipse.smarthome.core.thing.link.ItemChannelLink",
    "value": {
      "channelUID": {
        "segments": [
          "hue",
          "0106",
          "00178871affd",
          "4",
          "daylight"
        ]
      },
      "configuration": {
        "properties": {}
      },
      "itemName": "hue_0106_00178871affd_4_daylight"
    }
  },
  "hue_0220_00178871affd_9_color_temperature -\u003e hue:0220:00178871affd:9:color_temperature": {
    "class": "org.eclipse.smarthome.core.thing.link.ItemChannelLink",
    "value": {
      "channelUID": {
        "segments": [
          "hue",
          "0220",
          "00178871affd",
          "9",
          "color_temperature"
        ]
      },
      "configuration": {
        "properties": {}
      },
      "itemName": "hue_0220_00178871affd_9_color_temperature"
    }
  },
  "harmonyhub_hub_34902a01_activityStarted -\u003e harmonyhub:hub:34902a01:activityStarted": {
    "class": "org.eclipse.smarthome.core.thing.link.ItemChannelLink",
    "value": {
      "channelUID": {
        "segments": [
          "harmonyhub",
          "hub",
          "34902a01",
          "activityStarted"
        ]
      },
      "configuration": {
        "properties": {}
      },
      "itemName": "harmonyhub_hub_34902a01_activityStarted"
    }
  },
  "hue_0302_00178871affd_2_battery_level -\u003e hue:0302:00178871affd:2:battery_level": {
    "class": "org.eclipse.smarthome.core.thing.link.ItemChannelLink",
    "value": {
      "channelUID": {
        "segments": [
          "hue",
          "0302",
          "00178871affd",
          "2",
          "battery_level"
        ]
      },
      "configuration": {
        "properties": {}
      },
      "itemName": "hue_0302_00178871affd_2_battery_level"
    }
  },
  "hue_0100_00178871affd_7_brightness -\u003e hue:0100:00178871affd:7:brightness": {
    "class": "org.eclipse.smarthome.core.thing.link.ItemChannelLink",
    "value": {
      "channelUID": {
        "segments": [
          "hue",
          "0100",
          "00178871affd",
          "7",
          "brightness"
        ]
      },
      "configuration": {
        "properties": {}
      },
      "itemName": "hue_0100_00178871affd_7_brightness"
    }
  },
  "hue_0220_00178871affd_6_color_temperature -\u003e hue:0220:00178871affd:6:color_temperature": {
    "class": "org.eclipse.smarthome.core.thing.link.ItemChannelLink",
    "value": {
      "channelUID": {
        "segments": [
          "hue",
          "0220",
          "00178871affd",
          "6",
          "color_temperature"
        ]
      },
      "configuration": {
        "properties": {}
      },
      "itemName": "hue_0220_00178871affd_6_color_temperature"
    }
  },
  "harmonyhub_device_34902a01_47586716_buttonPress -\u003e harmonyhub:device:34902a01:47586716:buttonPress": {
    "class": "org.eclipse.smarthome.core.thing.link.ItemChannelLink",
    "value": {
      "channelUID": {
        "segments": [
          "harmonyhub",
          "device",
          "34902a01",
          "47586716",
          "buttonPress"
        ]
      },
      "configuration": {
        "properties": {}
      },
      "itemName": "harmonyhub_device_34902a01_47586716_buttonPress"
    }
  },
  "exec_command_9a6737ea_input -\u003e exec:command:9a6737ea:input": {
    "class": "org.eclipse.smarthome.core.thing.link.ItemChannelLink",
    "value": {
      "channelUID": {
        "segments": [
          "exec",
          "command",
          "9a6737ea",
          "input"
        ]
      },
      "itemName": "exec_command_9a6737ea_input"
    }
  }
}