{
  "harmonyhub:device:HarmonyHub:47536739": {
    "class": "org.eclipse.smarthome.core.thing.internal.ThingImpl",
    "value": {
      "label": "Amazon Fire TV Stick",
      "bridgeUID": {
        "segments": [
          "harmonyhub",
          "hub",
          "34902a01"
        ]
      },
      "channels": [
        {
          "acceptedItemType": "String",
          "kind": "STATE",
          "uid": {
            "segments": [
              "harmonyhub",
              "device",
              "HarmonyHub",
              "47536739",
              "buttonPress"
            ]
          },
          "channelTypeUID": {
            "segments": [
              "harmonyhub",
              "device",
              "HarmonyHub",
              "47536739",
              "buttonPress"
            ]
          },
          "configuration": {
            "properties": {}
          },
          "properties": {},
          "defaultTags": []
        }
      ],
      "configuration": {
        "properties": {
          "name": "Amazon Fire TV Stick",
          "id": 47536739
        }
      },
      "properties": {},
      "uid": {
        "segments": [
          "harmonyhub",
          "device",
          "HarmonyHub",
          "47536739"
        ]
      },
      "thingTypeUID": {
        "segments": [
          "harmonyhub",
          "device"
        ]
      }
    }
  },
  "hue:0302:00178871affd:2": {
    "class": "org.eclipse.smarthome.core.thing.internal.ThingImpl",
    "value": {
      "label": "Hue temperature sensor 1",
      "bridgeUID": {
        "segments": [
          "hue",
          "bridge",
          "00178871affd"
        ]
      },
      "channels": [
        {
          "acceptedItemType": "Number:Temperature",
          "kind": "STATE",
          "uid": {
            "segments": [
              "hue",
              "0302",
              "00178871affd",
              "2",
              "temperature"
            ]
          },
          "channelTypeUID": {
            "segments": [
              "hue",
              "temperature"
            ]
          },
          "label": "Temperature",
          "description": "Current temperature.",
          "configuration": {
            "properties": {}
          },
          "properties": {},
          "defaultTags": []
        },
        {
          "acceptedItemType": "DateTime",
          "kind": "STATE",
          "uid": {
            "segments": [
              "hue",
              "0302",
              "00178871affd",
              "2",
              "last_updated"
            ]
          },
          "channelTypeUID": {
            "segments": [
              "hue",
              "last_updated"
            ]
          },
          "label": "Last Updated",
          "description": "The date and time when the sensor was last updated.",
          "configuration": {
            "properties": {}
          },
          "properties": {},
          "defaultTags": []
        },
        {
          "acceptedItemType": "Number",
          "kind": "STATE",
          "uid": {
            "segments": [
              "hue",
              "0302",
              "00178871affd",
              "2",
              "battery_level"
            ]
          },
          "channelTypeUID": {
            "segments": [
              "system",
              "battery-level"
            ]
          },
          "label": "Battery Level",
          "configuration": {
            "properties": {}
          },
          "properties": {},
          "defaultTags": []
        },
        {
          "acceptedItemType": "Switch",
          "kind": "STATE",
          "uid": {
            "segments": [
              "hue",
              "0302",
              "00178871affd",
              "2",
              "battery_low"
            ]
          },
          "channelTypeUID": {
            "segments": [
              "system",
              "low-battery"
            ]
          },
          "label": "Low Battery",
          "configuration": {
            "properties": {}
          },
          "properties": {},
          "defaultTags": []
        }
      ],
      "configuration": {
        "properties": {
          "sensorId": "2",
          "on": true
        }
      },
      "properties": {
        "modelId": "SML001",
        "vendor": "Philips",
        "firmwareVersion": "6.1.1.27575",
        "uniqueId": "00:17:88:01:03:28:0f:7d-02-0402",
        "productName": "Hue temperature sensor"
      },
      "uid": {
        "segments": [
          "hue",
          "0302",
          "00178871affd",
          "2"
        ]
      },
      "thingTypeUID": {
        "segments": [
          "hue",
          "0302"
        ]
      }
    }
  },
  "harmonyhub:device:HarmonyHub:47536738": {
    "class": "org.eclipse.smarthome.core.thing.internal.ThingImpl",
    "value": {
      "label": "Google Chromecast",
      "bridgeUID": {
        "segments": [
          "harmonyhub",
          "hub",
          "34902a01"
        ]
      },
      "channels": [
        {
          "acceptedItemType": "String",
          "kind": "STATE",
          "uid": {
            "segments": [
              "harmonyhub",
              "device",
              "HarmonyHub",
              "47536738",
              "buttonPress"
            ]
          },
          "channelTypeUID": {
            "segments": [
              "harmonyhub",
              "device",
              "HarmonyHub",
              "47536738",
              "buttonPress"
            ]
          },
          "configuration": {
            "properties": {}
          },
          "properties": {},
          "defaultTags": []
        }
      ],
      "configuration": {
        "properties": {
          "name": "Google Chromecast",
          "id": 47536738
        }
      },
      "properties": {},
      "uid": {
        "segments": [
          "harmonyhub",
          "device",
          "HarmonyHub",
          "47536738"
        ]
      },
      "thingTypeUID": {
        "segments": [
          "harmonyhub",
          "device"
        ]
      }
    }
  },
  "harmonyhub:hub:HarmonyHub": {
    "class": "org.eclipse.smarthome.core.thing.internal.BridgeImpl",
    "value": {
      "label": "HarmonyHub Harmony Hub",
      "channels": [
        {
          "kind": "TRIGGER",
          "uid": {
            "segments": [
              "harmonyhub",
              "hub",
              "HarmonyHub",
              "activityStarting"
            ]
          },
          "channelTypeUID": {
            "segments": [
              "harmonyhub",
              "eventTrigger"
            ]
          },
          "label": "Activity Starting Trigger",
          "description": "Triggered when an activity is starting",
          "configuration": {
            "properties": {}
          },
          "properties": {},
          "defaultTags": []
        },
        {
          "kind": "TRIGGER",
          "uid": {
            "segments": [
              "harmonyhub",
              "hub",
              "HarmonyHub",
              "activityStarted"
            ]
          },
          "channelTypeUID": {
            "segments": [
              "harmonyhub",
              "eventTrigger"
            ]
          },
          "label": "Activity Started Trigger",
          "description": "Triggered when an activity is started",
          "configuration": {
            "properties": {}
          },
          "properties": {},
          "defaultTags": []
        },
        {
          "acceptedItemType": "String",
          "kind": "STATE",
          "uid": {
            "segments": [
              "harmonyhub",
              "hub",
              "HarmonyHub",
              "currentActivity"
            ]
          },
          "channelTypeUID": {
            "segments": [
              "harmonyhub",
              "hub",
              "HarmonyHub",
              "currentActivity"
            ]
          },
          "configuration": {
            "properties": {}
          },
          "properties": {},
          "defaultTags": []
        }
      ],
      "configuration": {
        "properties": {
          "host": "192.168.1.69",
          "heartBeatInterval": 60
        }
      },
      "properties": {
        "name": "Harmony Hub"
      },
      "uid": {
        "segments": [
          "harmonyhub",
          "hub",
          "HarmonyHub"
        ]
      },
      "thingTypeUID": {
        "segments": [
          "harmonyhub",
          "hub"
        ]
      }
    }
  },
  "hue:bridge:00178871affd": {
    "class": "org.eclipse.smarthome.core.thing.internal.BridgeImpl",
    "value": {
      "label": "Philips hue (192.168.1.65)",
      "channels": [],
      "configuration": {
        "properties": {
          "serialNumber": "00178871affd",
          "sensorPollingInterval": 500,
          "ipAddress": "192.168.1.92",
          "pollingInterval": 10.0,
          "userName": "hn6bd06Q0FD44mxc7ytNlq1NX7ZBmrbJMZYgvbZe"
        }
      },
      "properties": {
        "serialNumber": "00178871AFFD",
        "vendor": "Philips",
        "firmwareVersion": "1935144020",
        "macAddress": "00:17:88:71:af:fd",
        "modelId": "BSB002"
      },
      "uid": {
        "segments": [
          "hue",
          "bridge",
          "00178871affd"
        ]
      },
      "thingTypeUID": {
        "segments": [
          "hue",
          "bridge"
        ]
      }
    }
  },
  "hue:0220:00178871affd:8": {
    "class": "org.eclipse.smarthome.core.thing.internal.ThingImpl",
    "value": {
      "label": "kitchen island lamp 3",
      "bridgeUID": {
        "segments": [
          "hue",
          "bridge",
          "00178871affd"
        ]
      },
      "channels": [
        {
          "acceptedItemType": "Dimmer",
          "kind": "STATE",
          "uid": {
            "segments": [
              "hue",
              "0220",
              "00178871affd",
              "8",
              "color_temperature"
            ]
          },
          "channelTypeUID": {
            "segments": [
              "hue",
              "color_temperature"
            ]
          },
          "label": "Color Temperature",
          "description": "The color temperature channel allows to set the color temperature of a light from 0 (cold) to 100 (warm).",
          "configuration": {
            "properties": {}
          },
          "properties": {},
          "defaultTags": []
        },
        {
          "acceptedItemType": "Dimmer",
          "kind": "STATE",
          "uid": {
            "segments": [
              "hue",
              "0220",
              "00178871affd",
              "8",
              "brightness"
            ]
          },
          "channelTypeUID": {
            "segments": [
              "hue",
              "brightness"
            ]
          },
          "label": "Brightness",
          "description": "The brightness channel allows to control the brightness of a light. It is also possible to switch the light on and off.",
          "configuration": {
            "properties": {}
          },
          "properties": {},
          "defaultTags": [
            "Lighting"
          ]
        },
        {
          "acceptedItemType": "String",
          "kind": "STATE",
          "uid": {
            "segments": [
              "hue",
              "0220",
              "00178871affd",
              "8",
              "alert"
            ]
          },
          "channelTypeUID": {
            "segments": [
              "hue",
              "alert"
            ]
          },
          "label": "Alert",
          "description": "The alert channel allows a temporary change to the bulb’s state.",
          "configuration": {
            "properties": {}
          },
          "properties": {},
          "defaultTags": []
        },
        {
          "acceptedItemType": "Switch",
          "kind": "STATE",
          "uid": {
            "segments": [
              "hue",
              "0220",
              "00178871affd",
              "8",
              "effect"
            ]
          },
          "channelTypeUID": {
            "segments": [
              "hue",
              "effect"
            ]
          },
          "label": "Color Loop",
          "description": "The effect channel allows putting the bulb in a color looping mode.",
          "configuration": {
            "properties": {}
          },
          "properties": {},
          "defaultTags": []
        }
      ],
      "configuration": {
        "properties": {
          "fadetime": 400,
          "lightId": "8"
        }
      },
      "properties": {
        "modelId": "LTW001",
        "firmwareVersion": "5.127.1.26420",
        "uniqueId": "00:17:88:01:02:37:20:ea-0b",
        "productName": "Hue ambiance lamp"
      },
      "uid": {
        "segments": [
          "hue",
          "0220",
          "00178871affd",
          "8"
        ]
      },
      "thingTypeUID": {
        "segments": [
          "hue",
          "0220"
        ]
      }
    }
  },
  "hue:0220:00178871affd:9": {
    "class": "org.eclipse.smarthome.core.thing.internal.ThingImpl",
    "value": {
      "label": "kitchen table lamp",
      "bridgeUID": {
        "segments": [
          "hue",
          "bridge",
          "00178871affd"
        ]
      },
      "channels": [
        {
          "acceptedItemType": "Dimmer",
          "kind": "STATE",
          "uid": {
            "segments": [
              "hue",
              "0220",
              "00178871affd",
              "9",
              "color_temperature"
            ]
          },
          "channelTypeUID": {
            "segments": [
              "hue",
              "color_temperature"
            ]
          },
          "label": "Color Temperature",
          "description": "The color temperature channel allows to set the color temperature of a light from 0 (cold) to 100 (warm).",
          "configuration": {
            "properties": {}
          },
          "properties": {},
          "defaultTags": []
        },
        {
          "acceptedItemType": "Dimmer",
          "kind": "STATE",
          "uid": {
            "segments": [
              "hue",
              "0220",
              "00178871affd",
              "9",
              "brightness"
            ]
          },
          "channelTypeUID": {
            "segments": [
              "hue",
              "brightness"
            ]
          },
          "label": "Brightness",
          "description": "The brightness channel allows to control the brightness of a light. It is also possible to switch the light on and off.",
          "configuration": {
            "properties": {}
          },
          "properties": {},
          "defaultTags": [
            "Lighting"
          ]
        },
        {
          "acceptedItemType": "String",
          "kind": "STATE",
          "uid": {
            "segments": [
              "hue",
              "0220",
              "00178871affd",
              "9",
              "alert"
            ]
          },
          "channelTypeUID": {
            "segments": [
              "hue",
              "alert"
            ]
          },
          "label": "Alert",
          "description": "The alert channel allows a temporary change to the bulb’s state.",
          "configuration": {
            "properties": {}
          },
          "properties": {},
          "defaultTags": []
        },
        {
          "acceptedItemType": "Switch",
          "kind": "STATE",
          "uid": {
            "segments": [
              "hue",
              "0220",
              "00178871affd",
              "9",
              "effect"
            ]
          },
          "channelTypeUID": {
            "segments": [
              "hue",
              "effect"
            ]
          },
          "label": "Color Loop",
          "description": "The effect channel allows putting the bulb in a color looping mode.",
          "configuration": {
            "properties": {}
          },
          "properties": {},
          "defaultTags": []
        }
      ],
      "configuration": {
        "properties": {
          "fadetime": 400,
          "lightId": "9"
        }
      },
      "properties": {
        "modelId": "LTW001",
        "firmwareVersion": "5.127.1.26420",
        "uniqueId": "00:17:88:01:02:37:27:c7-0b",
        "productName": "Hue ambiance lamp"
      },
      "uid": {
        "segments": [
          "hue",
          "0220",
          "00178871affd",
          "9"
        ]
      },
      "thingTypeUID": {
        "segments": [
          "hue",
          "0220"
        ]
      }
    }
  },
  "hue:0220:00178871affd:6": {
    "class": "org.eclipse.smarthome.core.thing.internal.ThingImpl",
    "value": {
      "label": "kitchen island lamp 2",
      "bridgeUID": {
        "segments": [
          "hue",
          "bridge",
          "00178871affd"
        ]
      },
      "channels": [
        {
          "acceptedItemType": "Dimmer",
          "kind": "STATE",
          "uid": {
            "segments": [
              "hue",
              "0220",
              "00178871affd",
              "6",
              "color_temperature"
            ]
          },
          "channelTypeUID": {
            "segments": [
              "hue",
              "color_temperature"
            ]
          },
          "label": "Color Temperature",
          "description": "The color temperature channel allows to set the color temperature of a light from 0 (cold) to 100 (warm).",
          "configuration": {
            "properties": {}
          },
          "properties": {},
          "defaultTags": []
        },
        {
          "acceptedItemType": "Dimmer",
          "kind": "STATE",
          "uid": {
            "segments": [
              "hue",
              "0220",
              "00178871affd",
              "6",
              "brightness"
            ]
          },
          "channelTypeUID": {
            "segments": [
              "hue",
              "brightness"
            ]
          },
          "label": "Brightness",
          "description": "The brightness channel allows to control the brightness of a light. It is also possible to switch the light on and off.",
          "configuration": {
            "properties": {}
          },
          "properties": {},
          "defaultTags": [
            "Lighting"
          ]
        },
        {
          "acceptedItemType": "String",
          "kind": "STATE",
          "uid": {
            "segments": [
              "hue",
              "0220",
              "00178871affd",
              "6",
              "alert"
            ]
          },
          "channelTypeUID": {
            "segments": [
              "hue",
              "alert"
            ]
          },
          "label": "Alert",
          "description": "The alert channel allows a temporary change to the bulb’s state.",
          "configuration": {
            "properties": {}
          },
          "properties": {},
          "defaultTags": []
        },
        {
          "acceptedItemType": "Switch",
          "kind": "STATE",
          "uid": {
            "segments": [
              "hue",
              "0220",
              "00178871affd",
              "6",
              "effect"
            ]
          },
          "channelTypeUID": {
            "segments": [
              "hue",
              "effect"
            ]
          },
          "label": "Color Loop",
          "description": "The effect channel allows putting the bulb in a color looping mode.",
          "configuration": {
            "properties": {}
          },
          "properties": {},
          "defaultTags": []
        }
      ],
      "configuration": {
        "properties": {
          "fadetime": 400,
          "lightId": "6"
        }
      },
      "properties": {
        "modelId": "LTW001",
        "firmwareVersion": "5.127.1.26420",
        "uniqueId": "00:17:88:01:02:37:12:eb-0b",
        "productName": "Hue ambiance lamp"
      },
      "uid": {
        "segments": [
          "hue",
          "0220",
          "00178871affd",
          "6"
        ]
      },
      "thingTypeUID": {
        "segments": [
          "hue",
          "0220"
        ]
      }
    }
  },
  "hue:0220:00178871affd:5": {
    "class": "org.eclipse.smarthome.core.thing.internal.ThingImpl",
    "value": {
      "label": "kitchen island lamp 1",
      "bridgeUID": {
        "segments": [
          "hue",
          "bridge",
          "00178871affd"
        ]
      },
      "channels": [
        {
          "acceptedItemType": "Dimmer",
          "kind": "STATE",
          "uid": {
            "segments": [
              "hue",
              "0220",
              "00178871affd",
              "5",
              "color_temperature"
            ]
          },
          "channelTypeUID": {
            "segments": [
              "hue",
              "color_temperature"
            ]
          },
          "label": "Color Temperature",
          "description": "The color temperature channel allows to set the color temperature of a light from 0 (cold) to 100 (warm).",
          "configuration": {
            "properties": {}
          },
          "properties": {},
          "defaultTags": []
        },
        {
          "acceptedItemType": "Dimmer",
          "kind": "STATE",
          "uid": {
            "segments": [
              "hue",
              "0220",
              "00178871affd",
              "5",
              "brightness"
            ]
          },
          "channelTypeUID": {
            "segments": [
              "hue",
              "brightness"
            ]
          },
          "label": "Brightness",
          "description": "The brightness channel allows to control the brightness of a light. It is also possible to switch the light on and off.",
          "configuration": {
            "properties": {}
          },
          "properties": {},
          "defaultTags": [
            "Lighting"
          ]
        },
        {
          "acceptedItemType": "String",
          "kind": "STATE",
          "uid": {
            "segments": [
              "hue",
              "0220",
              "00178871affd",
              "5",
              "alert"
            ]
          },
          "channelTypeUID": {
            "segments": [
              "hue",
              "alert"
            ]
          },
          "label": "Alert",
          "description": "The alert channel allows a temporary change to the bulb’s state.",
          "configuration": {
            "properties": {}
          },
          "properties": {},
          "defaultTags": []
        },
        {
          "acceptedItemType": "Switch",
          "kind": "STATE",
          "uid": {
            "segments": [
              "hue",
              "0220",
              "00178871affd",
              "5",
              "effect"
            ]
          },
          "channelTypeUID": {
            "segments": [
              "hue",
              "effect"
            ]
          },
          "label": "Color Loop",
          "description": "The effect channel allows putting the bulb in a color looping mode.",
          "configuration": {
            "properties": {}
          },
          "properties": {},
          "defaultTags": []
        }
      ],
      "configuration": {
        "properties": {
          "fadetime": 400,
          "lightId": "5"
        }
      },
      "properties": {
        "modelId": "LTW001",
        "firmwareVersion": "5.127.1.26420",
        "uniqueId": "00:17:88:01:02:37:21:02-0b",
        "productName": "Hue ambiance lamp"
      },
      "uid": {
        "segments": [
          "hue",
          "0220",
          "00178871affd",
          "5"
        ]
      },
      "thingTypeUID": {
        "segments": [
          "hue",
          "0220"
        ]
      }
    }
  },
  "exec:command:9a6737ea": {
    "class": "org.eclipse.smarthome.core.thing.internal.ThingImpl",
    "value": {
      "label": "Project Screen down",
      "channels": [
        {
          "acceptedItemType": "String",
          "kind": "STATE",
          "uid": {
            "segments": [
              "exec",
              "command",
              "9a6737ea",
              "output"
            ]
          },
          "channelTypeUID": {
            "segments": [
              "exec",
              "output"
            ]
          },
          "configuration": {
            "properties": {}
          },
          "properties": {},
          "defaultTags": []
        },
        {
          "acceptedItemType": "String",
          "kind": "STATE",
          "uid": {
            "segments": [
              "exec",
              "command",
              "9a6737ea",
              "input"
            ]
          },
          "channelTypeUID": {
            "segments": [
              "exec",
              "input"
            ]
          },
          "configuration": {
            "properties": {}
          },
          "properties": {},
          "defaultTags": []
        },
        {
          "acceptedItemType": "Number",
          "kind": "STATE",
          "uid": {
            "segments": [
              "exec",
              "command",
              "9a6737ea",
              "exit"
            ]
          },
          "channelTypeUID": {
            "segments": [
              "exec",
              "exit"
            ]
          },
          "configuration": {
            "properties": {}
          },
          "properties": {},
          "defaultTags": []
        },
        {
          "acceptedItemType": "Switch",
          "kind": "STATE",
          "uid": {
            "segments": [
              "exec",
              "command",
              "9a6737ea",
              "run"
            ]
          },
          "channelTypeUID": {
            "segments": [
              "exec",
              "run"
            ]
          },
          "configuration": {
            "properties": {}
          },
          "properties": {},
          "defaultTags": []
        },
        {
          "acceptedItemType": "DateTime",
          "kind": "STATE",
          "uid": {
            "segments": [
              "exec",
              "command",
              "9a6737ea",
              "lastexecution"
            ]
          },
          "channelTypeUID": {
            "segments": [
              "exec",
              "lastexecution"
            ]
          },
          "configuration": {
            "properties": {}
          },
          "properties": {},
          "defaultTags": []
        }
      ],
      "configuration": {
        "properties": {
          "transform": "REGEX((.*))",
          "interval": 0.0,
          "autorun": true,
          "command": "/usr/local/bin/broadlinkcli --state\u003d%2$s",
          "timeout": 15.0
        }
      },
      "properties": {},
      "uid": {
        "segments": [
          "exec",
          "command",
          "9a6737ea"
        ]
      },
      "thingTypeUID": {
        "segments": [
          "exec",
          "command"
        ]
      }
    }
  },
  "hue:0107:00178871affd:3": {
    "class": "org.eclipse.smarthome.core.thing.internal.ThingImpl",
    "value": {
      "label": "Hall motion sensor 1",
      "bridgeUID": {
        "segments": [
          "hue",
          "bridge",
          "00178871affd"
        ]
      },
      "channels": [
        {
          "acceptedItemType": "Switch",
          "kind": "STATE",
          "uid": {
            "segments": [
              "hue",
              "0107",
              "00178871affd",
              "3",
              "presence"
            ]
          },
          "channelTypeUID": {
            "segments": [
              "system",
              "motion"
            ]
          },
          "label": "Motion",
          "description": "Motion detected by the device",
          "configuration": {
            "properties": {}
          },
          "properties": {},
          "defaultTags": []
        },
        {
          "acceptedItemType": "DateTime",
          "kind": "STATE",
          "uid": {
            "segments": [
              "hue",
              "0107",
              "00178871affd",
              "3",
              "last_updated"
            ]
          },
          "channelTypeUID": {
            "segments": [
              "hue",
              "last_updated"
            ]
          },
          "label": "Last Updated",
          "description": "The date and time when the sensor was last updated.",
          "configuration": {
            "properties": {}
          },
          "properties": {},
          "defaultTags": []
        },
        {
          "acceptedItemType": "Number",
          "kind": "STATE",
          "uid": {
            "segments": [
              "hue",
              "0107",
              "00178871affd",
              "3",
              "battery_level"
            ]
          },
          "channelTypeUID": {
            "segments": [
              "system",
              "battery-level"
            ]
          },
          "label": "Battery Level",
          "configuration": {
            "properties": {}
          },
          "properties": {},
          "defaultTags": []
        },
        {
          "acceptedItemType": "Switch",
          "kind": "STATE",
          "uid": {
            "segments": [
              "hue",
              "0107",
              "00178871affd",
              "3",
              "battery_low"
            ]
          },
          "channelTypeUID": {
            "segments": [
              "system",
              "low-battery"
            ]
          },
          "label": "Low Battery",
          "configuration": {
            "properties": {}
          },
          "properties": {},
          "defaultTags": []
        }
      ],
      "configuration": {
        "properties": {
          "sensitivity": 2.0,
          "sensitivitymax": 2.0,
          "sensorId": "3",
          "on": true
        }
      },
      "properties": {
        "modelId": "SML001",
        "vendor": "Philips",
        "firmwareVersion": "6.1.1.27575",
        "uniqueId": "00:17:88:01:03:28:0f:7d-02-0406",
        "productName": "Hue motion sensor"
      },
      "uid": {
        "segments": [
          "hue",
          "0107",
          "00178871affd",
          "3"
        ]
      },
      "thingTypeUID": {
        "segments": [
          "hue",
          "0107"
        ]
      }
    }
  },
  "harmonyhub:device:HarmonyHub:47536800": {
    "class": "org.eclipse.smarthome.core.thing.internal.ThingImpl",
    "value": {
      "label": "Living Room Amp",
      "bridgeUID": {
        "segments": [
          "harmonyhub",
          "hub",
          "34902a01"
        ]
      },
      "channels": [
        {
          "acceptedItemType": "String",
          "kind": "STATE",
          "uid": {
            "segments": [
              "harmonyhub",
              "device",
              "HarmonyHub",
              "47536800",
              "buttonPress"
            ]
          },
          "channelTypeUID": {
            "segments": [
              "harmonyhub",
              "device",
              "HarmonyHub",
              "47536800",
              "buttonPress"
            ]
          },
          "configuration": {
            "properties": {}
          },
          "properties": {},
          "defaultTags": []
        }
      ],
      "configuration": {
        "properties": {
          "name": "Living Room Amp",
          "id": 47536800
        }
      },
      "properties": {},
      "uid": {
        "segments": [
          "harmonyhub",
          "device",
          "HarmonyHub",
          "47536800"
        ]
      },
      "thingTypeUID": {
        "segments": [
          "harmonyhub",
          "device"
        ]
      }
    }
  },
  "harmonyhub:device:HarmonyHub:47539833": {
    "class": "org.eclipse.smarthome.core.thing.internal.ThingImpl",
    "value": {
      "label": "Kitchen Amp",
      "bridgeUID": {
        "segments": [
          "harmonyhub",
          "hub",
          "34902a01"
        ]
      },
      "channels": [
        {
          "acceptedItemType": "String",
          "kind": "STATE",
          "uid": {
            "segments": [
              "harmonyhub",
              "device",
              "HarmonyHub",
              "47539833",
              "buttonPress"
            ]
          },
          "channelTypeUID": {
            "segments": [
              "harmonyhub",
              "device",
              "HarmonyHub",
              "47539833",
              "buttonPress"
            ]
          },
          "configuration": {
            "properties": {}
          },
          "properties": {},
          "defaultTags": []
        }
      ],
      "configuration": {
        "properties": {
          "name": "Kitchen Amp",
          "id": 47539833
        }
      },
      "properties": {},
      "uid": {
        "segments": [
          "harmonyhub",
          "device",
          "HarmonyHub",
          "47539833"
        ]
      },
      "thingTypeUID": {
        "segments": [
          "harmonyhub",
          "device"
        ]
      }
    }
  },
  "hue:0106:00178871affd:4": {
    "class": "org.eclipse.smarthome.core.thing.internal.ThingImpl",
    "value": {
      "label": "Hue ambient light sensor 1",
      "bridgeUID": {
        "segments": [
          "hue",
          "bridge",
          "00178871affd"
        ]
      },
      "channels": [
        {
          "acceptedItemType": "Number:Illuminance",
          "kind": "STATE",
          "uid": {
            "segments": [
              "hue",
              "0106",
              "00178871affd",
              "4",
              "illuminance"
            ]
          },
          "channelTypeUID": {
            "segments": [
              "hue",
              "illuminance"
            ]
          },
          "label": "Illuminance",
          "description": "Current illuminance.",
          "configuration": {
            "properties": {}
          },
          "properties": {},
          "defaultTags": []
        },
        {
          "acceptedItemType": "Number",
          "kind": "STATE",
          "uid": {
            "segments": [
              "hue",
              "0106",
              "00178871affd",
              "4",
              "light_level"
            ]
          },
          "channelTypeUID": {
            "segments": [
              "hue",
              "light_level"
            ]
          },
          "label": "Light Level",
          "description": "Current light level.",
          "configuration": {
            "properties": {}
          },
          "properties": {},
          "defaultTags": []
        },
        {
          "acceptedItemType": "Switch",
          "kind": "STATE",
          "uid": {
            "segments": [
              "hue",
              "0106",
              "00178871affd",
              "4",
              "dark"
            ]
          },
          "channelTypeUID": {
            "segments": [
              "hue",
              "dark"
            ]
          },
          "label": "Dark",
          "description": "Light level is below the darkness threshold.",
          "configuration": {
            "properties": {}
          },
          "properties": {},
          "defaultTags": []
        },
        {
          "acceptedItemType": "Switch",
          "kind": "STATE",
          "uid": {
            "segments": [
              "hue",
              "0106",
              "00178871affd",
              "4",
              "daylight"
            ]
          },
          "channelTypeUID": {
            "segments": [
              "hue",
              "daylight"
            ]
          },
          "label": "Daylight",
          "description": "Light level is above the daylight threshold.",
          "configuration": {
            "properties": {}
          },
          "properties": {},
          "defaultTags": []
        },
        {
          "acceptedItemType": "DateTime",
          "kind": "STATE",
          "uid": {
            "segments": [
              "hue",
              "0106",
              "00178871affd",
              "4",
              "last_updated"
            ]
          },
          "channelTypeUID": {
            "segments": [
              "hue",
              "last_updated"
            ]
          },
          "label": "Last Updated",
          "description": "The date and time when the sensor was last updated.",
          "configuration": {
            "properties": {}
          },
          "properties": {},
          "defaultTags": []
        },
        {
          "acceptedItemType": "Number",
          "kind": "STATE",
          "uid": {
            "segments": [
              "hue",
              "0106",
              "00178871affd",
              "4",
              "battery_level"
            ]
          },
          "channelTypeUID": {
            "segments": [
              "system",
              "battery-level"
            ]
          },
          "label": "Battery Level",
          "configuration": {
            "properties": {}
          },
          "properties": {},
          "defaultTags": []
        },
        {
          "acceptedItemType": "Switch",
          "kind": "STATE",
          "uid": {
            "segments": [
              "hue",
              "0106",
              "00178871affd",
              "4",
              "battery_low"
            ]
          },
          "channelTypeUID": {
            "segments": [
              "system",
              "low-battery"
            ]
          },
          "label": "Low Battery",
          "configuration": {
            "properties": {}
          },
          "properties": {},
          "defaultTags": []
        }
      ],
      "configuration": {
        "properties": {
          "tholddark": 14779.0,
          "ledindication": 14779.0,
          "tholdoffset": 7000.0,
          "sensorId": "4",
          "on": true
        }
      },
      "properties": {
        "modelId": "SML001",
        "vendor": "Philips",
        "firmwareVersion": "6.1.1.27575",
        "uniqueId": "00:17:88:01:03:28:0f:7d-02-0400",
        "productName": "Hue ambient light sensor"
      },
      "uid": {
        "segments": [
          "hue",
          "0106",
          "00178871affd",
          "4"
        ]
      },
      "thingTypeUID": {
        "segments": [
          "hue",
          "0106"
        ]
      }
    }
  },
  "hue:0220:00178871affd:17": {
    "class": "org.eclipse.smarthome.core.thing.internal.ThingImpl",
    "value": {
      "label": "Kitchen led strip 1",
      "bridgeUID": {
        "segments": [
          "hue",
          "bridge",
          "00178871affd"
        ]
      },
      "channels": [
        {
          "acceptedItemType": "Dimmer",
          "kind": "STATE",
          "uid": {
            "segments": [
              "hue",
              "0220",
              "00178871affd",
              "17",
              "color_temperature"
            ]
          },
          "channelTypeUID": {
            "segments": [
              "hue",
              "color_temperature"
            ]
          },
          "label": "Color Temperature",
          "description": "The color temperature channel allows to set the color temperature of a light from 0 (cold) to 100 (warm).",
          "configuration": {
            "properties": {}
          },
          "properties": {},
          "defaultTags": []
        },
        {
          "acceptedItemType": "Dimmer",
          "kind": "STATE",
          "uid": {
            "segments": [
              "hue",
              "0220",
              "00178871affd",
              "17",
              "brightness"
            ]
          },
          "channelTypeUID": {
            "segments": [
              "hue",
              "brightness"
            ]
          },
          "label": "Brightness",
          "description": "The brightness channel allows to control the brightness of a light. It is also possible to switch the light on and off.",
          "configuration": {
            "properties": {}
          },
          "properties": {},
          "defaultTags": [
            "Lighting"
          ]
        },
        {
          "acceptedItemType": "String",
          "kind": "STATE",
          "uid": {
            "segments": [
              "hue",
              "0220",
              "00178871affd",
              "17",
              "alert"
            ]
          },
          "channelTypeUID": {
            "segments": [
              "hue",
              "alert"
            ]
          },
          "label": "Alert",
          "description": "The alert channel allows a temporary change to the bulb’s state.",
          "configuration": {
            "properties": {}
          },
          "properties": {},
          "defaultTags": []
        },
        {
          "acceptedItemType": "Switch",
          "kind": "STATE",
          "uid": {
            "segments": [
              "hue",
              "0220",
              "00178871affd",
              "17",
              "effect"
            ]
          },
          "channelTypeUID": {
            "segments": [
              "hue",
              "effect"
            ]
          },
          "label": "Color Loop",
          "description": "The effect channel allows putting the bulb in a color looping mode.",
          "configuration": {
            "properties": {}
          },
          "properties": {},
          "defaultTags": []
        }
      ],
      "configuration": {
        "properties": {
          "fadetime": 400,
          "lightId": "17"
        }
      },
      "properties": {
        "modelId": "HOMA1001",
        "firmwareVersion": "1.0.2",
        "uniqueId": "00:12:4b:00:19:c7:9e:fd-0a",
        "productName": "Dimmable light"
      },
      "uid": {
        "segments": [
          "hue",
          "0220",
          "00178871affd",
          "17"
        ]
      },
      "thingTypeUID": {
        "segments": [
          "hue",
          "0220"
        ]
      }
    }
  },
  "hue:0220:00178871affd:14": {
    "class": "org.eclipse.smarthome.core.thing.internal.ThingImpl",
    "value": {
      "label": "Kitchen lamp 2",
      "bridgeUID": {
        "segments": [
          "hue",
          "bridge",
          "00178871affd"
        ]
      },
      "channels": [
        {
          "acceptedItemType": "Dimmer",
          "kind": "STATE",
          "uid": {
            "segments": [
              "hue",
              "0220",
              "00178871affd",
              "14",
              "color_temperature"
            ]
          },
          "channelTypeUID": {
            "segments": [
              "hue",
              "color_temperature"
            ]
          },
          "label": "Color Temperature",
          "description": "The color temperature channel allows to set the color temperature of a light from 0 (cold) to 100 (warm).",
          "configuration": {
            "properties": {}
          },
          "properties": {},
          "defaultTags": []
        },
        {
          "acceptedItemType": "Dimmer",
          "kind": "STATE",
          "uid": {
            "segments": [
              "hue",
              "0220",
              "00178871affd",
              "14",
              "brightness"
            ]
          },
          "channelTypeUID": {
            "segments": [
              "hue",
              "brightness"
            ]
          },
          "label": "Brightness",
          "description": "The brightness channel allows to control the brightness of a light. It is also possible to switch the light on and off.",
          "configuration": {
            "properties": {}
          },
          "properties": {},
          "defaultTags": [
            "Lighting"
          ]
        },
        {
          "acceptedItemType": "String",
          "kind": "STATE",
          "uid": {
            "segments": [
              "hue",
              "0220",
              "00178871affd",
              "14",
              "alert"
            ]
          },
          "channelTypeUID": {
            "segments": [
              "hue",
              "alert"
            ]
          },
          "label": "Alert",
          "description": "The alert channel allows a temporary change to the bulb’s state.",
          "configuration": {
            "properties": {}
          },
          "properties": {},
          "defaultTags": []
        },
        {
          "acceptedItemType": "Switch",
          "kind": "STATE",
          "uid": {
            "segments": [
              "hue",
              "0220",
              "00178871affd",
              "14",
              "effect"
            ]
          },
          "channelTypeUID": {
            "segments": [
              "hue",
              "effect"
            ]
          },
          "label": "Color Loop",
          "description": "The effect channel allows putting the bulb in a color looping mode.",
          "configuration": {
            "properties": {}
          },
          "properties": {},
          "defaultTags": []
        }
      ],
      "configuration": {
        "properties": {
          "fadetime": 400,
          "lightId": "14"
        }
      },
      "properties": {
        "modelId": "Classic_B40_TW___LIGHTIFY",
        "firmwareVersion": "V1.05.10",
        "uniqueId": "7c:b0:3e:aa:00:aa:87:c5-03",
        "productName": "Color temperature light"
      },
      "uid": {
        "segments": [
          "hue",
          "0220",
          "00178871affd",
          "14"
        ]
      },
      "thingTypeUID": {
        "segments": [
          "hue",
          "0220"
        ]
      }
    }
  },
  "hue:0220:00178871affd:15": {
    "class": "org.eclipse.smarthome.core.thing.internal.ThingImpl",
    "value": {
      "label": "Kitchen lamp 3",
      "bridgeUID": {
        "segments": [
          "hue",
          "bridge",
          "00178871affd"
        ]
      },
      "channels": [
        {
          "acceptedItemType": "Dimmer",
          "kind": "STATE",
          "uid": {
            "segments": [
              "hue",
              "0220",
              "00178871affd",
              "15",
              "color_temperature"
            ]
          },
          "channelTypeUID": {
            "segments": [
              "hue",
              "color_temperature"
            ]
          },
          "label": "Color Temperature",
          "description": "The color temperature channel allows to set the color temperature of a light from 0 (cold) to 100 (warm).",
          "configuration": {
            "properties": {}
          },
          "properties": {},
          "defaultTags": []
        },
        {
          "acceptedItemType": "Dimmer",
          "kind": "STATE",
          "uid": {
            "segments": [
              "hue",
              "0220",
              "00178871affd",
              "15",
              "brightness"
            ]
          },
          "channelTypeUID": {
            "segments": [
              "hue",
              "brightness"
            ]
          },
          "label": "Brightness",
          "description": "The brightness channel allows to control the brightness of a light. It is also possible to switch the light on and off.",
          "configuration": {
            "properties": {}
          },
          "properties": {},
          "defaultTags": [
            "Lighting"
          ]
        },
        {
          "acceptedItemType": "String",
          "kind": "STATE",
          "uid": {
            "segments": [
              "hue",
              "0220",
              "00178871affd",
              "15",
              "alert"
            ]
          },
          "channelTypeUID": {
            "segments": [
              "hue",
              "alert"
            ]
          },
          "label": "Alert",
          "description": "The alert channel allows a temporary change to the bulb’s state.",
          "configuration": {
            "properties": {}
          },
          "properties": {},
          "defaultTags": []
        },
        {
          "acceptedItemType": "Switch",
          "kind": "STATE",
          "uid": {
            "segments": [
              "hue",
              "0220",
              "00178871affd",
              "15",
              "effect"
            ]
          },
          "channelTypeUID": {
            "segments": [
              "hue",
              "effect"
            ]
          },
          "label": "Color Loop",
          "description": "The effect channel allows putting the bulb in a color looping mode.",
          "configuration": {
            "properties": {}
          },
          "properties": {},
          "defaultTags": []
        }
      ],
      "configuration": {
        "properties": {
          "fadetime": 400,
          "lightId": "15"
        }
      },
      "properties": {
        "modelId": "Classic_B40_TW___LIGHTIFY",
        "firmwareVersion": "V1.05.10",
        "uniqueId": "7c:b0:3e:aa:00:aa:90:57-03",
        "productName": "Color temperature light"
      },
      "uid": {
        "segments": [
          "hue",
          "0220",
          "00178871affd",
          "15"
        ]
      },
      "thingTypeUID": {
        "segments": [
          "hue",
          "0220"
        ]
      }
    }
  },
  "hue:0220:00178871affd:12": {
    "class": "org.eclipse.smarthome.core.thing.internal.ThingImpl",
    "value": {
      "label": "living room front left lamp",
      "bridgeUID": {
        "segments": [
          "hue",
          "bridge",
          "00178871affd"
        ]
      },
      "channels": [
        {
          "acceptedItemType": "Dimmer",
          "kind": "STATE",
          "uid": {
            "segments": [
              "hue",
              "0220",
              "00178871affd",
              "12",
              "color_temperature"
            ]
          },
          "channelTypeUID": {
            "segments": [
              "hue",
              "color_temperature"
            ]
          },
          "label": "Color Temperature",
          "description": "The color temperature channel allows to set the color temperature of a light from 0 (cold) to 100 (warm).",
          "configuration": {
            "properties": {}
          },
          "properties": {},
          "defaultTags": []
        },
        {
          "acceptedItemType": "Dimmer",
          "kind": "STATE",
          "uid": {
            "segments": [
              "hue",
              "0220",
              "00178871affd",
              "12",
              "brightness"
            ]
          },
          "channelTypeUID": {
            "segments": [
              "hue",
              "brightness"
            ]
          },
          "label": "Brightness",
          "description": "The brightness channel allows to control the brightness of a light. It is also possible to switch the light on and off.",
          "configuration": {
            "properties": {}
          },
          "properties": {},
          "defaultTags": [
            "Lighting"
          ]
        },
        {
          "acceptedItemType": "String",
          "kind": "STATE",
          "uid": {
            "segments": [
              "hue",
              "0220",
              "00178871affd",
              "12",
              "alert"
            ]
          },
          "channelTypeUID": {
            "segments": [
              "hue",
              "alert"
            ]
          },
          "label": "Alert",
          "description": "The alert channel allows a temporary change to the bulb’s state.",
          "configuration": {
            "properties": {}
          },
          "properties": {},
          "defaultTags": []
        },
        {
          "acceptedItemType": "Switch",
          "kind": "STATE",
          "uid": {
            "segments": [
              "hue",
              "0220",
              "00178871affd",
              "12",
              "effect"
            ]
          },
          "channelTypeUID": {
            "segments": [
              "hue",
              "effect"
            ]
          },
          "label": "Color Loop",
          "description": "The effect channel allows putting the bulb in a color looping mode.",
          "configuration": {
            "properties": {}
          },
          "properties": {},
          "defaultTags": []
        }
      ],
      "configuration": {
        "properties": {
          "fadetime": 400,
          "lightId": "12"
        }
      },
      "properties": {
        "modelId": "LTW012",
        "firmwareVersion": "1.46.13_r26312",
        "uniqueId": "00:17:88:01:02:9b:66:0d-0b",
        "productName": "Hue ambiance candle"
      },
      "uid": {
        "segments": [
          "hue",
          "0220",
          "00178871affd",
          "12"
        ]
      },
      "thingTypeUID": {
        "segments": [
          "hue",
          "0220"
        ]
      }
    }
  },
  "hue:0220:00178871affd:13": {
    "class": "org.eclipse.smarthome.core.thing.internal.ThingImpl",
    "value": {
      "label": "Grannys lamp",
      "bridgeUID": {
        "segments": [
          "hue",
          "bridge",
          "00178871affd"
        ]
      },
      "channels": [
        {
          "acceptedItemType": "Dimmer",
          "kind": "STATE",
          "uid": {
            "segments": [
              "hue",
              "0220",
              "00178871affd",
              "13",
              "color_temperature"
            ]
          },
          "channelTypeUID": {
            "segments": [
              "hue",
              "color_temperature"
            ]
          },
          "label": "Color Temperature",
          "description": "The color temperature channel allows to set the color temperature of a light from 0 (cold) to 100 (warm).",
          "configuration": {
            "properties": {}
          },
          "properties": {},
          "defaultTags": []
        },
        {
          "acceptedItemType": "Dimmer",
          "kind": "STATE",
          "uid": {
            "segments": [
              "hue",
              "0220",
              "00178871affd",
              "13",
              "brightness"
            ]
          },
          "channelTypeUID": {
            "segments": [
              "hue",
              "brightness"
            ]
          },
          "label": "Brightness",
          "description": "The brightness channel allows to control the brightness of a light. It is also possible to switch the light on and off.",
          "configuration": {
            "properties": {}
          },
          "properties": {},
          "defaultTags": [
            "Lighting"
          ]
        },
        {
          "acceptedItemType": "String",
          "kind": "STATE",
          "uid": {
            "segments": [
              "hue",
              "0220",
              "00178871affd",
              "13",
              "alert"
            ]
          },
          "channelTypeUID": {
            "segments": [
              "hue",
              "alert"
            ]
          },
          "label": "Alert",
          "description": "The alert channel allows a temporary change to the bulb’s state.",
          "configuration": {
            "properties": {}
          },
          "properties": {},
          "defaultTags": []
        },
        {
          "acceptedItemType": "Switch",
          "kind": "STATE",
          "uid": {
            "segments": [
              "hue",
              "0220",
              "00178871affd",
              "13",
              "effect"
            ]
          },
          "channelTypeUID": {
            "segments": [
              "hue",
              "effect"
            ]
          },
          "label": "Color Loop",
          "description": "The effect channel allows putting the bulb in a color looping mode.",
          "configuration": {
            "properties": {}
          },
          "properties": {},
          "defaultTags": []
        }
      ],
      "configuration": {
        "properties": {
          "fadetime": 400,
          "lightId": "13"
        }
      },
      "properties": {
        "modelId": "LTW001",
        "firmwareVersion": "5.127.1.26420",
        "uniqueId": "00:17:88:01:02:37:1e:c9-0b",
        "productName": "Hue ambiance lamp"
      },
      "uid": {
        "segments": [
          "hue",
          "0220",
          "00178871affd",
          "13"
        ]
      },
      "thingTypeUID": {
        "segments": [
          "hue",
          "0220"
        ]
      }
    }
  },
  "hue:0100:00178871affd:7": {
    "class": "org.eclipse.smarthome.core.thing.internal.ThingImpl",
    "value": {
      "label": "Hall lamp",
      "bridgeUID": {
        "segments": [
          "hue",
          "bridge",
          "00178871affd"
        ]
      },
      "channels": [
        {
          "acceptedItemType": "Dimmer",
          "kind": "STATE",
          "uid": {
            "segments": [
              "hue",
              "0100",
              "00178871affd",
              "7",
              "brightness"
            ]
          },
          "channelTypeUID": {
            "segments": [
              "hue",
              "brightness"
            ]
          },
          "label": "Brightness",
          "description": "The brightness channel allows to control the brightness of a light. It is also possible to switch the light on and off.",
          "configuration": {
            "properties": {}
          },
          "properties": {},
          "defaultTags": [
            "Lighting"
          ]
        },
        {
          "acceptedItemType": "String",
          "kind": "STATE",
          "uid": {
            "segments": [
              "hue",
              "0100",
              "00178871affd",
              "7",
              "alert"
            ]
          },
          "channelTypeUID": {
            "segments": [
              "hue",
              "alert"
            ]
          },
          "label": "Alert",
          "description": "The alert channel allows a temporary change to the bulb’s state.",
          "configuration": {
            "properties": {}
          },
          "properties": {},
          "defaultTags": []
        }
      ],
      "configuration": {
        "properties": {
          "fadetime": 400,
          "lightId": "7"
        }
      },
      "properties": {
        "modelId": "LWB010",
        "firmwareVersion": "1.46.13_r26312",
        "uniqueId": "00:17:88:01:02:f1:87:96-0b",
        "productName": "Hue white lamp"
      },
      "uid": {
        "segments": [
          "hue",
          "0100",
          "00178871affd",
          "7"
        ]
      },
      "thingTypeUID": {
        "segments": [
          "hue",
          "0100"
        ]
      }
    }
  },
  "harmonyhub:device:HarmonyHub:47536741": {
    "class": "org.eclipse.smarthome.core.thing.internal.ThingImpl",
    "value": {
      "label": "Epson Projector",
      "bridgeUID": {
        "segments": [
          "harmonyhub",
          "hub",
          "34902a01"
        ]
      },
      "channels": [
        {
          "acceptedItemType": "String",
          "kind": "STATE",
          "uid": {
            "segments": [
              "harmonyhub",
              "device",
              "HarmonyHub",
              "47536741",
              "buttonPress"
            ]
          },
          "channelTypeUID": {
            "segments": [
              "harmonyhub",
              "device",
              "HarmonyHub",
              "47536741",
              "buttonPress"
            ]
          },
          "configuration": {
            "properties": {}
          },
          "properties": {},
          "defaultTags": []
        }
      ],
      "configuration": {
        "properties": {
          "name": "EpsonProjector",
          "id": 47536741
        }
      },
      "properties": {},
      "uid": {
        "segments": [
          "harmonyhub",
          "device",
          "HarmonyHub",
          "47536741"
        ]
      },
      "thingTypeUID": {
        "segments": [
          "harmonyhub",
          "device"
        ]
      }
    }
  },
  "hue:0210:00178871affd:4": {
    "class": "org.eclipse.smarthome.core.thing.internal.ThingImpl",
    "value": {
      "label": "kitchen table 1",
      "bridgeUID": {
        "segments": [
          "hue",
          "bridge",
          "00178871affd"
        ]
      },
      "channels": [
        {
          "acceptedItemType": "Color",
          "kind": "STATE",
          "uid": {
            "segments": [
              "hue",
              "0210",
              "00178871affd",
              "4",
              "color"
            ]
          },
          "channelTypeUID": {
            "segments": [
              "hue",
              "color"
            ]
          },
          "configuration": {
            "properties": {}
          },
          "properties": {},
          "defaultTags": [
            "Lighting"
          ]
        },
        {
          "acceptedItemType": "Dimmer",
          "kind": "STATE",
          "uid": {
            "segments": [
              "hue",
              "0210",
              "00178871affd",
              "4",
              "color_temperature"
            ]
          },
          "channelTypeUID": {
            "segments": [
              "hue",
              "color_temperature"
            ]
          },
          "configuration": {
            "properties": {}
          },
          "properties": {},
          "defaultTags": []
        },
        {
          "acceptedItemType": "String",
          "kind": "STATE",
          "uid": {
            "segments": [
              "hue",
              "0210",
              "00178871affd",
              "4",
              "alert"
            ]
          },
          "channelTypeUID": {
            "segments": [
              "hue",
              "alert"
            ]
          },
          "configuration": {
            "properties": {}
          },
          "properties": {},
          "defaultTags": []
        },
        {
          "acceptedItemType": "Switch",
          "kind": "STATE",
          "uid": {
            "segments": [
              "hue",
              "0210",
              "00178871affd",
              "4",
              "effect"
            ]
          },
          "channelTypeUID": {
            "segments": [
              "hue",
              "effect"
            ]
          },
          "configuration": {
            "properties": {}
          },
          "properties": {},
          "defaultTags": []
        }
      ],
      "configuration": {
        "properties": {
          "fadetime": 400,
          "lightId": "4"
        }
      },
      "properties": {
        "modelId": "LCT015",
        "firmwareVersion": "1.46.13_r26312",
        "uniqueId": "00:17:88:01:03:79:bc:d7-0b",
        "productName": "Hue color lamp"
      },
      "uid": {
        "segments": [
          "hue",
          "0210",
          "00178871affd",
          "4"
        ]
      },
      "thingTypeUID": {
        "segments": [
          "hue",
          "0210"
        ]
      }
    }
  },
  "hue:0220:00178871affd:11": {
    "class": "org.eclipse.smarthome.core.thing.internal.ThingImpl",
    "value": {
      "label": "living room back right lamp",
      "bridgeUID": {
        "segments": [
          "hue",
          "bridge",
          "00178871affd"
        ]
      },
      "channels": [
        {
          "acceptedItemType": "Dimmer",
          "kind": "STATE",
          "uid": {
            "segments": [
              "hue",
              "0220",
              "00178871affd",
              "11",
              "color_temperature"
            ]
          },
          "channelTypeUID": {
            "segments": [
              "hue",
              "color_temperature"
            ]
          },
          "label": "Color Temperature",
          "description": "The color temperature channel allows to set the color temperature of a light from 0 (cold) to 100 (warm).",
          "configuration": {
            "properties": {}
          },
          "properties": {},
          "defaultTags": []
        },
        {
          "acceptedItemType": "Dimmer",
          "kind": "STATE",
          "uid": {
            "segments": [
              "hue",
              "0220",
              "00178871affd",
              "11",
              "brightness"
            ]
          },
          "channelTypeUID": {
            "segments": [
              "hue",
              "brightness"
            ]
          },
          "label": "Brightness",
          "description": "The brightness channel allows to control the brightness of a light. It is also possible to switch the light on and off.",
          "configuration": {
            "properties": {}
          },
          "properties": {},
          "defaultTags": [
            "Lighting"
          ]
        },
        {
          "acceptedItemType": "String",
          "kind": "STATE",
          "uid": {
            "segments": [
              "hue",
              "0220",
              "00178871affd",
              "11",
              "alert"
            ]
          },
          "channelTypeUID": {
            "segments": [
              "hue",
              "alert"
            ]
          },
          "label": "Alert",
          "description": "The alert channel allows a temporary change to the bulb’s state.",
          "configuration": {
            "properties": {}
          },
          "properties": {},
          "defaultTags": []
        },
        {
          "acceptedItemType": "Switch",
          "kind": "STATE",
          "uid": {
            "segments": [
              "hue",
              "0220",
              "00178871affd",
              "11",
              "effect"
            ]
          },
          "channelTypeUID": {
            "segments": [
              "hue",
              "effect"
            ]
          },
          "label": "Color Loop",
          "description": "The effect channel allows putting the bulb in a color looping mode.",
          "configuration": {
            "properties": {}
          },
          "properties": {},
          "defaultTags": []
        }
      ],
      "configuration": {
        "properties": {
          "fadetime": 400,
          "lightId": "11"
        }
      },
      "properties": {
        "modelId": "LTW001",
        "firmwareVersion": "5.127.1.26420",
        "uniqueId": "00:17:88:01:02:37:20:48-0b",
        "productName": "Hue ambiance lamp"
      },
      "uid": {
        "segments": [
          "hue",
          "0220",
          "00178871affd",
          "11"
        ]
      },
      "thingTypeUID": {
        "segments": [
          "hue",
          "0220"
        ]
      }
    }
  },
  "hue:0210:00178871affd:1": {
    "class": "org.eclipse.smarthome.core.thing.internal.ThingImpl",
    "value": {
      "label": "kitchen island bulb 1",
      "bridgeUID": {
        "segments": [
          "hue",
          "bridge",
          "00178871affd"
        ]
      },
      "channels": [
        {
          "acceptedItemType": "Color",
          "kind": "STATE",
          "uid": {
            "segments": [
              "hue",
              "0210",
              "00178871affd",
              "1",
              "color"
            ]
          },
          "channelTypeUID": {
            "segments": [
              "hue",
              "color"
            ]
          },
          "configuration": {
            "properties": {}
          },
          "properties": {},
          "defaultTags": [
            "Lighting"
          ]
        },
        {
          "acceptedItemType": "Dimmer",
          "kind": "STATE",
          "uid": {
            "segments": [
              "hue",
              "0210",
              "00178871affd",
              "1",
              "color_temperature"
            ]
          },
          "channelTypeUID": {
            "segments": [
              "hue",
              "color_temperature"
            ]
          },
          "configuration": {
            "properties": {}
          },
          "properties": {},
          "defaultTags": []
        },
        {
          "acceptedItemType": "String",
          "kind": "STATE",
          "uid": {
            "segments": [
              "hue",
              "0210",
              "00178871affd",
              "1",
              "alert"
            ]
          },
          "channelTypeUID": {
            "segments": [
              "hue",
              "alert"
            ]
          },
          "configuration": {
            "properties": {}
          },
          "properties": {},
          "defaultTags": []
        },
        {
          "acceptedItemType": "Switch",
          "kind": "STATE",
          "uid": {
            "segments": [
              "hue",
              "0210",
              "00178871affd",
              "1",
              "effect"
            ]
          },
          "channelTypeUID": {
            "segments": [
              "hue",
              "effect"
            ]
          },
          "configuration": {
            "properties": {}
          },
          "properties": {},
          "defaultTags": []
        }
      ],
      "configuration": {
        "properties": {
          "fadetime": 400,
          "lightId": "1"
        }
      },
      "properties": {
        "modelId": "LCT015",
        "firmwareVersion": "1.46.13_r26312",
        "uniqueId": "00:17:88:01:03:50:97:e9-0b",
        "productName": "Hue color lamp"
      },
      "uid": {
        "segments": [
          "hue",
          "0210",
          "00178871affd",
          "1"
        ]
      },
      "thingTypeUID": {
        "segments": [
          "hue",
          "0210"
        ]
      }
    }
  },
  "hue:0210:00178871affd:2": {
    "class": "org.eclipse.smarthome.core.thing.internal.ThingImpl",
    "value": {
      "label": "kitchen island bulb 2",
      "bridgeUID": {
        "segments": [
          "hue",
          "bridge",
          "00178871affd"
        ]
      },
      "channels": [
        {
          "acceptedItemType": "Color",
          "kind": "STATE",
          "uid": {
            "segments": [
              "hue",
              "0210",
              "00178871affd",
              "2",
              "color"
            ]
          },
          "channelTypeUID": {
            "segments": [
              "hue",
              "color"
            ]
          },
          "configuration": {
            "properties": {}
          },
          "properties": {},
          "defaultTags": [
            "Lighting"
          ]
        },
        {
          "acceptedItemType": "Dimmer",
          "kind": "STATE",
          "uid": {
            "segments": [
              "hue",
              "0210",
              "00178871affd",
              "2",
              "color_temperature"
            ]
          },
          "channelTypeUID": {
            "segments": [
              "hue",
              "color_temperature"
            ]
          },
          "configuration": {
            "properties": {}
          },
          "properties": {},
          "defaultTags": []
        },
        {
          "acceptedItemType": "String",
          "kind": "STATE",
          "uid": {
            "segments": [
              "hue",
              "0210",
              "00178871affd",
              "2",
              "alert"
            ]
          },
          "channelTypeUID": {
            "segments": [
              "hue",
              "alert"
            ]
          },
          "configuration": {
            "properties": {}
          },
          "properties": {},
          "defaultTags": []
        },
        {
          "acceptedItemType": "Switch",
          "kind": "STATE",
          "uid": {
            "segments": [
              "hue",
              "0210",
              "00178871affd",
              "2",
              "effect"
            ]
          },
          "channelTypeUID": {
            "segments": [
              "hue",
              "effect"
            ]
          },
          "configuration": {
            "properties": {}
          },
          "properties": {},
          "defaultTags": []
        }
      ],
      "configuration": {
        "properties": {
          "fadetime": 400,
          "lightId": "2"
        }
      },
      "properties": {
        "modelId": "LCT015",
        "firmwareVersion": "1.46.13_r26312",
        "uniqueId": "00:17:88:01:03:6c:09:aa-0b",
        "productName": "Hue color lamp"
      },
      "uid": {
        "segments": [
          "hue",
          "0210",
          "00178871affd",
          "2"
        ]
      },
      "thingTypeUID": {
        "segments": [
          "hue",
          "0210"
        ]
      }
    }
  },
  "hue:0210:00178871affd:3": {
    "class": "org.eclipse.smarthome.core.thing.internal.ThingImpl",
    "value": {
      "label": "kitchen island bulb 3",
      "bridgeUID": {
        "segments": [
          "hue",
          "bridge",
          "00178871affd"
        ]
      },
      "channels": [
        {
          "acceptedItemType": "Color",
          "kind": "STATE",
          "uid": {
            "segments": [
              "hue",
              "0210",
              "00178871affd",
              "3",
              "color"
            ]
          },
          "channelTypeUID": {
            "segments": [
              "hue",
              "color"
            ]
          },
          "configuration": {
            "properties": {}
          },
          "properties": {},
          "defaultTags": [
            "Lighting"
          ]
        },
        {
          "acceptedItemType": "Dimmer",
          "kind": "STATE",
          "uid": {
            "segments": [
              "hue",
              "0210",
              "00178871affd",
              "3",
              "color_temperature"
            ]
          },
          "channelTypeUID": {
            "segments": [
              "hue",
              "color_temperature"
            ]
          },
          "configuration": {
            "properties": {}
          },
          "properties": {},
          "defaultTags": []
        },
        {
          "acceptedItemType": "String",
          "kind": "STATE",
          "uid": {
            "segments": [
              "hue",
              "0210",
              "00178871affd",
              "3",
              "alert"
            ]
          },
          "channelTypeUID": {
            "segments": [
              "hue",
              "alert"
            ]
          },
          "configuration": {
            "properties": {}
          },
          "properties": {},
          "defaultTags": []
        },
        {
          "acceptedItemType": "Switch",
          "kind": "STATE",
          "uid": {
            "segments": [
              "hue",
              "0210",
              "00178871affd",
              "3",
              "effect"
            ]
          },
          "channelTypeUID": {
            "segments": [
              "hue",
              "effect"
            ]
          },
          "configuration": {
            "properties": {}
          },
          "properties": {},
          "defaultTags": []
        }
      ],
      "configuration": {
        "properties": {
          "fadetime": 400,
          "lightId": "3"
        }
      },
      "properties": {
        "modelId": "LCT015",
        "firmwareVersion": "1.46.13_r26312",
        "uniqueId": "00:17:88:01:03:20:69:0e-0b",
        "productName": "Hue color lamp"
      },
      "uid": {
        "segments": [
          "hue",
          "0210",
          "00178871affd",
          "3"
        ]
      },
      "thingTypeUID": {
        "segments": [
          "hue",
          "0210"
        ]
      }
    }
  },
  "harmonyhub:hub:34902a01": {
    "class": "org.eclipse.smarthome.core.thing.internal.BridgeImpl",
    "value": {
      "label": "Harmony Hub",
      "channels": [
        {
          "kind": "TRIGGER",
          "uid": {
            "segments": [
              "harmonyhub",
              "hub",
              "34902a01",
              "activityStarting"
            ]
          },
          "channelTypeUID": {
            "segments": [
              "harmonyhub",
              "eventTrigger"
            ]
          },
          "label": "Activity Starting Trigger",
          "description": "Triggered when an activity is starting",
          "configuration": {
            "properties": {}
          },
          "properties": {},
          "defaultTags": []
        },
        {
          "kind": "TRIGGER",
          "uid": {
            "segments": [
              "harmonyhub",
              "hub",
              "34902a01",
              "activityStarted"
            ]
          },
          "channelTypeUID": {
            "segments": [
              "harmonyhub",
              "eventTrigger"
            ]
          },
          "label": "Activity Started Trigger",
          "description": "Triggered when an activity is started",
          "configuration": {
            "properties": {}
          },
          "properties": {},
          "defaultTags": []
        },
        {
          "acceptedItemType": "String",
          "kind": "STATE",
          "uid": {
            "segments": [
              "harmonyhub",
              "hub",
              "34902a01",
              "currentActivity"
            ]
          },
          "channelTypeUID": {
            "segments": [
              "harmonyhub",
              "hub",
              "34902a01",
              "currentActivity"
            ]
          },
          "configuration": {
            "properties": {}
          },
          "properties": {},
          "defaultTags": []
        }
      ],
      "configuration": {
        "properties": {
          "host": "192.168.1.69",
          "heartBeatInterval": 60
        }
      },
      "properties": {
        "name": ""
      },
      "uid": {
        "segments": [
          "harmonyhub",
          "hub",
          "34902a01"
        ]
      },
      "thingTypeUID": {
        "segments": [
          "harmonyhub",
          "hub"
        ]
      }
    }
  }
}