{
  "hue:0100:00178871affd:17": {
    "class": "org.eclipse.smarthome.config.discovery.internal.DiscoveryResultImpl",
    "value": {
      "bridgeUID": {
        "segments": [
          "hue",
          "bridge",
          "00178871affd"
        ]
      },
      "thingUID": {
        "segments": [
          "hue",
          "0100",
          "00178871affd",
          "17"
        ]
      },
      "thingTypeUID": {
        "segments": [
          "hue",
          "0100"
        ]
      },
      "properties": {
        "lightId": "17",
        "modelId": "HOMA1001",
        "uniqueId": "00:12:4b:00:19:c7:9e:fd-0a"
      },
      "representationProperty": "uniqueId",
      "flag": "NEW",
      "label": "Kitchen led strip 1",
      "timestamp": 1577786620247,
      "timeToLive": -1
    }
  },
  "harmonyhub:device:34902a01:47536738": {
    "class": "org.eclipse.smarthome.config.discovery.internal.DiscoveryResultImpl",
    "value": {
      "bridgeUID": {
        "segments": [
          "harmonyhub",
          "hub",
          "34902a01"
        ]
      },
      "thingUID": {
        "segments": [
          "harmonyhub",
          "device",
          "34902a01",
          "47536738"
        ]
      },
      "thingTypeUID": {
        "segments": [
          "harmonyhub",
          "device"
        ]
      },
      "properties": {
        "name": "Google Chromecast",
        "id": 47536738
      },
      "flag": "NEW",
      "label": "Google Chromecast",
      "timestamp": 1577792432685,
      "timeToLive": -1
    }
  },
  "harmonyhub:device:34902a01:47536739": {
    "class": "org.eclipse.smarthome.config.discovery.internal.DiscoveryResultImpl",
    "value": {
      "bridgeUID": {
        "segments": [
          "harmonyhub",
          "hub",
          "34902a01"
        ]
      },
      "thingUID": {
        "segments": [
          "harmonyhub",
          "device",
          "34902a01",
          "47536739"
        ]
      },
      "thingTypeUID": {
        "segments": [
          "harmonyhub",
          "device"
        ]
      },
      "properties": {
        "name": "Amazon Fire TV Stick",
        "id": 47536739
      },
      "flag": "NEW",
      "label": "Amazon Fire TV Stick",
      "timestamp": 1577792432682,
      "timeToLive": -1
    }
  },
  "harmonyhub:device:34902a01:47536741": {
    "class": "org.eclipse.smarthome.config.discovery.internal.DiscoveryResultImpl",
    "value": {
      "bridgeUID": {
        "segments": [
          "harmonyhub",
          "hub",
          "34902a01"
        ]
      },
      "thingUID": {
        "segments": [
          "harmonyhub",
          "device",
          "34902a01",
          "47536741"
        ]
      },
      "thingTypeUID": {
        "segments": [
          "harmonyhub",
          "device"
        ]
      },
      "properties": {
        "name": "EpsonProjector",
        "id": 47536741
      },
      "flag": "NEW",
      "label": "EpsonProjector",
      "timestamp": 1577792432681,
      "timeToLive": -1
    }
  },
  "harmonyhub:device:34902a01:47586716": {
    "class": "org.eclipse.smarthome.config.discovery.internal.DiscoveryResultImpl",
    "value": {
      "bridgeUID": {
        "segments": [
          "harmonyhub",
          "hub",
          "34902a01"
        ]
      },
      "thingUID": {
        "segments": [
          "harmonyhub",
          "device",
          "34902a01",
          "47586716"
        ]
      },
      "thingTypeUID": {
        "segments": [
          "harmonyhub",
          "device"
        ]
      },
      "properties": {
        "name": "Kitchen Amp",
        "id": 47586716
      },
      "flag": "NEW",
      "label": "Kitchen Amp",
      "timestamp": 1577792432682,
      "timeToLive": -1
    }
  },
  "harmonyhub:device:34902a01:47536800": {
    "class": "org.eclipse.smarthome.config.discovery.internal.DiscoveryResultImpl",
    "value": {
      "bridgeUID": {
        "segments": [
          "harmonyhub",
          "hub",
          "34902a01"
        ]
      },
      "thingUID": {
        "segments": [
          "harmonyhub",
          "device",
          "34902a01",
          "47536800"
        ]
      },
      "thingTypeUID": {
        "segments": [
          "harmonyhub",
          "device"
        ]
      },
      "properties": {
        "name": "Living Room Amp",
        "id": 47536800
      },
      "flag": "NEW",
      "label": "Living Room Amp",
      "timestamp": 1577792432684,
      "timeToLive": -1
    }
  },
  "hue:0210:00178871affd:16": {
    "class": "org.eclipse.smarthome.config.discovery.internal.DiscoveryResultImpl",
    "value": {
      "bridgeUID": {
        "segments": [
          "hue",
          "bridge",
          "00178871affd"
        ]
      },
      "thingUID": {
        "segments": [
          "hue",
          "0210",
          "00178871affd",
          "16"
        ]
      },
      "thingTypeUID": {
        "segments": [
          "hue",
          "0210"
        ]
      },
      "properties": {
        "lightId": "16",
        "modelId": "HOMA1001",
        "uniqueId": "00:12:4b:00:19:c7:9e:fd-0b"
      },
      "representationProperty": "uniqueId",
      "flag": "NEW",
      "label": "Extended color light 1",
      "timestamp": 1581868301735,
      "timeToLive": -1
    }
  },
  "hue:0840:00178871affd:6": {
    "class": "org.eclipse.smarthome.config.discovery.internal.DiscoveryResultImpl",
    "value": {
      "bridgeUID": {
        "segments": [
          "hue",
          "bridge",
          "00178871affd"
        ]
      },
      "thingUID": {
        "segments": [
          "hue",
          "0840",
          "00178871affd",
          "6"
        ]
      },
      "thingTypeUID": {
        "segments": [
          "hue",
          "0840"
        ]
      },
      "properties": {
        "modelId": "PHA_STATE",
        "uniqueId": "MotionSensor 3.Companion",
        "sensorId": "6"
      },
      "representationProperty": "uniqueId",
      "flag": "NEW",
      "label": "MotionSensor 3.Companion",
      "timestamp": 1581868301360,
      "timeToLive": -1
    }
  }
}