{
  "hue:0210:00178871affd:16": {
    "class": "org.eclipse.smarthome.config.discovery.internal.DiscoveryResultImpl",
    "value": {
      "bridgeUID": {
        "segments": [
          "hue",
          "bridge",
          "00178871affd"
        ]
      },
      "thingUID": {
        "segments": [
          "hue",
          "0210",
          "00178871affd",
          "16"
        ]
      },
      "thingTypeUID": {
        "segments": [
          "hue",
          "0210"
        ]
      },
      "properties": {
        "lightId": "16",
        "modelId": "HOMA1001",
        "uniqueId": "00:12:4b:00:19:c7:9e:fd-0b"
      },
      "representationProperty": "uniqueId",
      "flag": "NEW",
      "label": "Extended color light 1",
      "timestamp": 1581871346288,
      "timeToLive": -1
    }
  },
  "hue:0100:00178871affd:17": {
    "class": "org.eclipse.smarthome.config.discovery.internal.DiscoveryResultImpl",
    "value": {
      "bridgeUID": {
        "segments": [
          "hue",
          "bridge",
          "00178871affd"
        ]
      },
      "thingUID": {
        "segments": [
          "hue",
          "0100",
          "00178871affd",
          "17"
        ]
      },
      "thingTypeUID": {
        "segments": [
          "hue",
          "0100"
        ]
      },
      "properties": {
        "lightId": "17",
        "modelId": "HOMA1001",
        "uniqueId": "00:12:4b:00:19:c7:9e:fd-0a"
      },
      "representationProperty": "uniqueId",
      "flag": "NEW",
      "label": "Kitchen led strip 1",
      "timestamp": 1581871346313,
      "timeToLive": -1
    }
  },
  "hue:0840:00178871affd:6": {
    "class": "org.eclipse.smarthome.config.discovery.internal.DiscoveryResultImpl",
    "value": {
      "bridgeUID": {
        "segments": [
          "hue",
          "bridge",
          "00178871affd"
        ]
      },
      "thingUID": {
        "segments": [
          "hue",
          "0840",
          "00178871affd",
          "6"
        ]
      },
      "thingTypeUID": {
        "segments": [
          "hue",
          "0840"
        ]
      },
      "properties": {
        "modelId": "PHA_STATE",
        "uniqueId": "MotionSensor 3.Companion",
        "sensorId": "6"
      },
      "representationProperty": "uniqueId",
      "flag": "NEW",
      "label": "MotionSensor 3.Companion",
      "timestamp": 1581871345574,
      "timeToLive": -1
    }
  }
}