{
  "hue:0840:00178871affd:6": {
    "class": "org.eclipse.smarthome.config.discovery.internal.DiscoveryResultImpl",
    "value": {
      "bridgeUID": {
        "segments": [
          "hue",
          "bridge",
          "00178871affd"
        ]
      },
      "thingUID": {
        "segments": [
          "hue",
          "0840",
          "00178871affd",
          "6"
        ]
      },
      "thingTypeUID": {
        "segments": [
          "hue",
          "0840"
        ]
      },
      "properties": {
        "modelId": "PHA_STATE",
        "uniqueId": "MotionSensor 3.Companion",
        "sensorId": "6"
      },
      "representationProperty": "uniqueId",
      "flag": "NEW",
      "label": "MotionSensor 3.Companion",
      "timestamp": 1581871345574,
      "timeToLive": -1
    }
  }
}